6:00 – 6:30,71
6:30 – 7:00,86
7:00 – 7:30,81
7:30 – 8:00,86
8:00 – 8:30,86
8:30 – 9:00,93
9:00 – 9:30,116
9:30 – 10:00,110
10:00 – 10:30,117
10:30 – 11:00,149
11:00 – 11:30,111
11:30 – 12:00,119
12:00 – 12:30,168
12:30 – 13:00,139
13:00 – 13:30,134
13:30 – 14:00,149
6:00 – 6:30,74
6:30 – 7:00,80
7:00 – 7:30,95
7:30 – 8:00,78
8:00 – 8:30,83
8:30 – 9:00,94
9:00 – 9:30,104
9:30 – 10:00,111
10:00 – 10:30,110
10:30 – 11:00,136
11:00 – 11:30,99
11:30 – 12:00,130
12:00 – 12:30,157
12:30 – 13:00,146
13:00 – 13:30,147
13:30 – 14:00,146
6:00 – 6:30,73
6:30 – 7:00,85
7:00 – 7:30,79
7:30 – 8:00,77
8:00 – 8:30,83
8:30 – 9:00,92
9:00 – 9:30,118
9:30 – 10:00,107
10:00 – 10:30,124
10:30 – 11:00,147
11:00 – 11:30,118
11:30 – 12:00,129
12:00 – 12:30,179
12:30 – 13:00,126
13:00 – 13:30,138
13:30 – 14:00,149
6:00 – 6:30,67
6:30 – 7:00,88
7:00 – 7:30,87
7:30 – 8:00,87
8:00 – 8:30,80
8:30 – 9:00,95
9:00 – 9:30,107
9:30 – 10:00,108
10:00 – 10:30,121
10:30 – 11:00,138
11:00 – 11:30,107
11:30 – 12:00,128
12:00 – 12:30,182
12:30 – 13:00,132
13:00 – 13:30,126
13:30 – 14:00,150
6:00 – 6:30,75
6:30 – 7:00,84
7:00 – 7:30,87
7:30 – 8:00,78
8:00 – 8:30,92
8:30 – 9:00,86
9:00 – 9:30,116
9:30 – 10:00,113
10:00 – 10:30,120
10:30 – 11:00,142
11:00 – 11:30,112
11:30 – 12:00,117
12:00 – 12:30,162
12:30 – 13:00,130
13:00 – 13:30,146
13:30 – 14:00,152
6:00 – 6:30,76
6:30 – 7:00,86
7:00 – 7:30,80
7:30 – 8:00,95
8:00 – 8:30,78
8:30 – 9:00,89
9:00 – 9:30,113
9:30 – 10:00,115
10:00 – 10:30,115
10:30 – 11:00,156
11:00 – 11:30,113
11:30 – 12:00,115
12:00 – 12:30,185
12:30 – 13:00,148
13:00 – 13:30,145
13:30 – 14:00,156
6:00 – 6:30,66
6:30 – 7:00,85
7:00 – 7:30,92
7:30 – 8:00,77
8:00 – 8:30,87
8:30 – 9:00,89
9:00 – 9:30,121
9:30 – 10:00,103
10:00 – 10:30,119
10:30 – 11:00,140
11:00 – 11:30,113
11:30 – 12:00,129
12:00 – 12:30,165
12:30 – 13:00,139
13:00 – 13:30,134
13:30 – 14:00,140
6:00 – 6:30,79
6:30 – 7:00,90
7:00 – 7:30,80
7:30 – 8:00,77
8:00 – 8:30,95
8:30 – 9:00,95
9:00 – 9:30,123
9:30 – 10:00,108
10:00 – 10:30,112
10:30 – 11:00,145
11:00 – 11:30,117
11:30 – 12:00,114
12:00 – 12:30,157
12:30 – 13:00,142
13:00 – 13:30,120
13:30 – 14:00,146
6:00 – 6:30,63
6:30 – 7:00,92
7:00 – 7:30,85
7:30 – 8:00,88
8:00 – 8:30,79
8:30 – 9:00,85
9:00 – 9:30,123
9:30 – 10:00,115
10:00 – 10:30,113
10:30 – 11:00,145
11:00 – 11:30,114
11:30 – 12:00,125
12:00 – 12:30,181
12:30 – 13:00,129
13:00 – 13:30,147
13:30 – 14:00,160
6:00 – 6:30,77
6:30 – 7:00,80
7:00 – 7:30,93
7:30 – 8:00,92
8:00 – 8:30,91
8:30 – 9:00,97
9:00 – 9:30,109
9:30 – 10:00,100
10:00 – 10:30,105
10:30 – 11:00,164
11:00 – 11:30,108
11:30 – 12:00,112
12:00 – 12:30,170
12:30 – 13:00,136
13:00 – 13:30,137
13:30 – 14:00,152
6:00 – 6:30,66
6:30 – 7:00,77
7:00 – 7:30,80
7:30 – 8:00,84
8:00 – 8:30,79
8:30 – 9:00,103
9:00 – 9:30,106
9:30 – 10:00,110
10:00 – 10:30,114
10:30 – 11:00,156
11:00 – 11:30,104
11:30 – 12:00,113
12:00 – 12:30,181
12:30 – 13:00,130
13:00 – 13:30,122
13:30 – 14:00,155
6:00 – 6:30,68
6:30 – 7:00,95
7:00 – 7:30,87
7:30 – 8:00,78
8:00 – 8:30,89
8:30 – 9:00,98
9:00 – 9:30,108
9:30 – 10:00,114
10:00 – 10:30,123
10:30 – 11:00,150
11:00 – 11:30,121
11:30 – 12:00,114
12:00 – 12:30,183
12:30 – 13:00,139
13:00 – 13:30,145
13:30 – 14:00,139
6:00 – 6:30,71
6:30 – 7:00,78
7:00 – 7:30,87
7:30 – 8:00,89
8:00 – 8:30,78
8:30 – 9:00,96
9:00 – 9:30,107
9:30 – 10:00,110
10:00 – 10:30,113
10:30 – 11:00,145
11:00 – 11:30,117
11:30 – 12:00,112
12:00 – 12:30,170
12:30 – 13:00,149
13:00 – 13:30,147
13:30 – 14:00,162
6:00 – 6:30,77
6:30 – 7:00,85
7:00 – 7:30,77
7:30 – 8:00,86
8:00 – 8:30,81
8:30 – 9:00,86
9:00 – 9:30,108
9:30 – 10:00,120
10:00 – 10:30,123
10:30 – 11:00,136
11:00 – 11:30,105
11:30 – 12:00,123
12:00 – 12:30,170
12:30 – 13:00,129
13:00 – 13:30,144
13:30 – 14:00,136
6:00 – 6:30,67
6:30 – 7:00,84
7:00 – 7:30,91
7:30 – 8:00,83
8:00 – 8:30,77
8:30 – 9:00,101
9:00 – 9:30,124
9:30 – 10:00,108
10:00 – 10:30,111
10:30 – 11:00,151
11:00 – 11:30,114
11:30 – 12:00,127
12:00 – 12:30,164
12:30 – 13:00,141
13:00 – 13:30,141
13:30 – 14:00,140
6:00 – 6:30,63
6:30 – 7:00,91
7:00 – 7:30,90
7:30 – 8:00,81
8:00 – 8:30,95
8:30 – 9:00,101
9:00 – 9:30,109
9:30 – 10:00,114
10:00 – 10:30,129
10:30 – 11:00,148
11:00 – 11:30,108
11:30 – 12:00,120
12:00 – 12:30,171
12:30 – 13:00,131
13:00 – 13:30,137
13:30 – 14:00,160
6:00 – 6:30,73
6:30 – 7:00,83
7:00 – 7:30,80
7:30 – 8:00,89
8:00 – 8:30,81
8:30 – 9:00,83
9:00 – 9:30,105
9:30 – 10:00,110
10:00 – 10:30,119
10:30 – 11:00,155
11:00 – 11:30,107
11:30 – 12:00,131
12:00 – 12:30,159
12:30 – 13:00,128
13:00 – 13:30,125
13:30 – 14:00,142
6:00 – 6:30,77
6:30 – 7:00,94
7:00 – 7:30,87
7:30 – 8:00,92
8:00 – 8:30,92
8:30 – 9:00,98
9:00 – 9:30,117
9:30 – 10:00,116
10:00 – 10:30,110
10:30 – 11:00,161
11:00 – 11:30,106
11:30 – 12:00,127
12:00 – 12:30,155
12:30 – 13:00,150
13:00 – 13:30,138
13:30 – 14:00,156
6:00 – 6:30,67
6:30 – 7:00,93
7:00 – 7:30,84
7:30 – 8:00,86
8:00 – 8:30,93
8:30 – 9:00,92
9:00 – 9:30,104
9:30 – 10:00,109
10:00 – 10:30,108
10:30 – 11:00,145
11:00 – 11:30,109
11:30 – 12:00,116
12:00 – 12:30,167
12:30 – 13:00,143
13:00 – 13:30,138
13:30 – 14:00,144
6:00 – 6:30,72
6:30 – 7:00,80
7:00 – 7:30,80
7:30 – 8:00,83
8:00 – 8:30,94
8:30 – 9:00,97
9:00 – 9:30,106
9:30 – 10:00,102
10:00 – 10:30,119
10:30 – 11:00,145
11:00 – 11:30,122
11:30 – 12:00,124
12:00 – 12:30,160
12:30 – 13:00,142
13:00 – 13:30,132
13:30 – 14:00,149
6:00 – 6:30,70
6:30 – 7:00,92
7:00 – 7:30,77
7:30 – 8:00,82
8:00 – 8:30,82
8:30 – 9:00,83
9:00 – 9:30,122
9:30 – 10:00,108
10:00 – 10:30,114
10:30 – 11:00,139
11:00 – 11:30,118
11:30 – 12:00,127
12:00 – 12:30,178
12:30 – 13:00,137
13:00 – 13:30,124
13:30 – 14:00,144
6:00 – 6:30,73
6:30 – 7:00,83
7:00 – 7:30,89
7:30 – 8:00,87
8:00 – 8:30,77
8:30 – 9:00,98
9:00 – 9:30,120
9:30 – 10:00,112
10:00 – 10:30,107
10:30 – 11:00,152
11:00 – 11:30,106
11:30 – 12:00,116
12:00 – 12:30,157
12:30 – 13:00,145
13:00 – 13:30,145
13:30 – 14:00,153
6:00 – 6:30,72
6:30 – 7:00,94
7:00 – 7:30,94
7:30 – 8:00,92
8:00 – 8:30,94
8:30 – 9:00,96
9:00 – 9:30,109
9:30 – 10:00,105
10:00 – 10:30,125
10:30 – 11:00,134
11:00 – 11:30,101
11:30 – 12:00,122
12:00 – 12:30,165
12:30 – 13:00,132
13:00 – 13:30,147
13:30 – 14:00,134
6:00 – 6:30,73
6:30 – 7:00,88
7:00 – 7:30,87
7:30 – 8:00,88
8:00 – 8:30,83
8:30 – 9:00,87
9:00 – 9:30,109
9:30 – 10:00,109
10:00 – 10:30,126
10:30 – 11:00,149
11:00 – 11:30,119
11:30 – 12:00,107
12:00 – 12:30,158
12:30 – 13:00,146
13:00 – 13:30,139
13:30 – 14:00,157
6:00 – 6:30,73
6:30 – 7:00,88
7:00 – 7:30,88
7:30 – 8:00,87
8:00 – 8:30,81
8:30 – 9:00,100
9:00 – 9:30,124
9:30 – 10:00,100
10:00 – 10:30,125
10:30 – 11:00,162
11:00 – 11:30,116
11:30 – 12:00,113
12:00 – 12:30,157
12:30 – 13:00,144
13:00 – 13:30,127
13:30 – 14:00,158
6:00 – 6:30,67
6:30 – 7:00,92
7:00 – 7:30,84
7:30 – 8:00,88
8:00 – 8:30,78
8:30 – 9:00,95
9:00 – 9:30,105
9:30 – 10:00,120
10:00 – 10:30,107
10:30 – 11:00,161
11:00 – 11:30,122
11:30 – 12:00,114
12:00 – 12:30,172
12:30 – 13:00,142
13:00 – 13:30,122
13:30 – 14:00,141
6:00 – 6:30,66
6:30 – 7:00,89
7:00 – 7:30,91
7:30 – 8:00,85
8:00 – 8:30,85
8:30 – 9:00,95
9:00 – 9:30,117
9:30 – 10:00,105
10:00 – 10:30,117
10:30 – 11:00,141
11:00 – 11:30,112
11:30 – 12:00,124
12:00 – 12:30,182
12:30 – 13:00,148
13:00 – 13:30,133
13:30 – 14:00,138
6:00 – 6:30,74
6:30 – 7:00,93
7:00 – 7:30,91
7:30 – 8:00,90
8:00 – 8:30,86
8:30 – 9:00,99
9:00 – 9:30,120
9:30 – 10:00,112
10:00 – 10:30,122
10:30 – 11:00,152
11:00 – 11:30,121
11:30 – 12:00,114
12:00 – 12:30,158
12:30 – 13:00,152
13:00 – 13:30,135
13:30 – 14:00,147
6:00 – 6:30,73
6:30 – 7:00,83
7:00 – 7:30,93
7:30 – 8:00,78
8:00 – 8:30,94
8:30 – 9:00,91
9:00 – 9:30,113
9:30 – 10:00,109
10:00 – 10:30,120
10:30 – 11:00,162
11:00 – 11:30,102
11:30 – 12:00,119
12:00 – 12:30,176
12:30 – 13:00,142
13:00 – 13:30,138
13:30 – 14:00,145
6:00 – 6:30,70
6:30 – 7:00,84
7:00 – 7:30,78
7:30 – 8:00,94
8:00 – 8:30,80
8:30 – 9:00,98
9:00 – 9:30,116
9:30 – 10:00,118
10:00 – 10:30,113
10:30 – 11:00,146
11:00 – 11:30,103
11:30 – 12:00,121
12:00 – 12:30,163
12:30 – 13:00,145
13:00 – 13:30,148
13:30 – 14:00,164
6:00 – 6:30,63
6:30 – 7:00,93
7:00 – 7:30,78
7:30 – 8:00,95
8:00 – 8:30,81
8:30 – 9:00,92
9:00 – 9:30,114
9:30 – 10:00,118
10:00 – 10:30,114
10:30 – 11:00,150
11:00 – 11:30,108
11:30 – 12:00,109
12:00 – 12:30,156
12:30 – 13:00,125
13:00 – 13:30,133
13:30 – 14:00,153
6:00 – 6:30,69
6:30 – 7:00,87
7:00 – 7:30,87
7:30 – 8:00,88
8:00 – 8:30,82
8:30 – 9:00,84
9:00 – 9:30,115
9:30 – 10:00,113
10:00 – 10:30,116
10:30 – 11:00,152
11:00 – 11:30,103
11:30 – 12:00,127
12:00 – 12:30,162
12:30 – 13:00,130
13:00 – 13:30,143
13:30 – 14:00,145
6:00 – 6:30,63
6:30 – 7:00,94
7:00 – 7:30,83
7:30 – 8:00,82
8:00 – 8:30,83
8:30 – 9:00,99
9:00 – 9:30,107
9:30 – 10:00,115
10:00 – 10:30,113
10:30 – 11:00,150
11:00 – 11:30,119
11:30 – 12:00,118
12:00 – 12:30,170
12:30 – 13:00,132
13:00 – 13:30,122
13:30 – 14:00,163
6:00 – 6:30,76
6:30 – 7:00,89
7:00 – 7:30,87
7:30 – 8:00,78
8:00 – 8:30,90
8:30 – 9:00,103
9:00 – 9:30,121
9:30 – 10:00,103
10:00 – 10:30,119
10:30 – 11:00,162
11:00 – 11:30,99
11:30 – 12:00,130
12:00 – 12:30,154
12:30 – 13:00,149
13:00 – 13:30,128
13:30 – 14:00,138
6:00 – 6:30,75
6:30 – 7:00,89
7:00 – 7:30,85
7:30 – 8:00,78
8:00 – 8:30,85
8:30 – 9:00,95
9:00 – 9:30,124
9:30 – 10:00,117
10:00 – 10:30,107
10:30 – 11:00,153
11:00 – 11:30,105
11:30 – 12:00,123
12:00 – 12:30,182
12:30 – 13:00,135
13:00 – 13:30,137
13:30 – 14:00,155
6:00 – 6:30,63
6:30 – 7:00,79
7:00 – 7:30,91
7:30 – 8:00,90
8:00 – 8:30,79
8:30 – 9:00,93
9:00 – 9:30,126
9:30 – 10:00,115
10:00 – 10:30,114
10:30 – 11:00,163
11:00 – 11:30,115
11:30 – 12:00,119
12:00 – 12:30,178
12:30 – 13:00,152
13:00 – 13:30,138
13:30 – 14:00,150
6:00 – 6:30,73
6:30 – 7:00,78
7:00 – 7:30,89
7:30 – 8:00,78
8:00 – 8:30,89
8:30 – 9:00,92
9:00 – 9:30,125
9:30 – 10:00,116
10:00 – 10:30,107
10:30 – 11:00,137
11:00 – 11:30,109
11:30 – 12:00,131
12:00 – 12:30,167
12:30 – 13:00,125
13:00 – 13:30,139
13:30 – 14:00,149
6:00 – 6:30,65
6:30 – 7:00,85
7:00 – 7:30,80
7:30 – 8:00,82
8:00 – 8:30,94
8:30 – 9:00,85
9:00 – 9:30,104
9:30 – 10:00,106
10:00 – 10:30,106
10:30 – 11:00,154
11:00 – 11:30,119
11:30 – 12:00,128
12:00 – 12:30,172
12:30 – 13:00,138
13:00 – 13:30,131
13:30 – 14:00,141
6:00 – 6:30,71
6:30 – 7:00,78
7:00 – 7:30,82
7:30 – 8:00,79
8:00 – 8:30,87
8:30 – 9:00,86
9:00 – 9:30,126
9:30 – 10:00,113
10:00 – 10:30,112
10:30 – 11:00,144
11:00 – 11:30,114
11:30 – 12:00,126
12:00 – 12:30,163
12:30 – 13:00,133
13:00 – 13:30,127
13:30 – 14:00,149
6:00 – 6:30,75
6:30 – 7:00,85
7:00 – 7:30,91
7:30 – 8:00,89
8:00 – 8:30,87
8:30 – 9:00,99
9:00 – 9:30,128
9:30 – 10:00,113
10:00 – 10:30,116
10:30 – 11:00,159
11:00 – 11:30,111
11:30 – 12:00,108
12:00 – 12:30,160
12:30 – 13:00,151
13:00 – 13:30,128
13:30 – 14:00,158
6:00 – 6:30,79
6:30 – 7:00,88
7:00 – 7:30,94
7:30 – 8:00,86
8:00 – 8:30,91
8:30 – 9:00,100
9:00 – 9:30,107
9:30 – 10:00,99
10:00 – 10:30,109
10:30 – 11:00,157
11:00 – 11:30,118
11:30 – 12:00,119
12:00 – 12:30,153
12:30 – 13:00,126
13:00 – 13:30,120
13:30 – 14:00,158
6:00 – 6:30,71
6:30 – 7:00,92
7:00 – 7:30,86
7:30 – 8:00,78
8:00 – 8:30,88
8:30 – 9:00,92
9:00 – 9:30,121
9:30 – 10:00,100
10:00 – 10:30,112
10:30 – 11:00,141
11:00 – 11:30,101
11:30 – 12:00,120
12:00 – 12:30,156
12:30 – 13:00,136
13:00 – 13:30,129
13:30 – 14:00,138
6:00 – 6:30,79
6:30 – 7:00,82
7:00 – 7:30,89
7:30 – 8:00,90
8:00 – 8:30,79
8:30 – 9:00,99
9:00 – 9:30,122
9:30 – 10:00,105
10:00 – 10:30,119
10:30 – 11:00,150
11:00 – 11:30,119
11:30 – 12:00,123
12:00 – 12:30,171
12:30 – 13:00,148
13:00 – 13:30,133
13:30 – 14:00,136
6:00 – 6:30,73
6:30 – 7:00,94
7:00 – 7:30,79
7:30 – 8:00,81
8:00 – 8:30,84
8:30 – 9:00,101
9:00 – 9:30,110
9:30 – 10:00,115
10:00 – 10:30,107
10:30 – 11:00,145
11:00 – 11:30,105
11:30 – 12:00,113
12:00 – 12:30,177
12:30 – 13:00,142
13:00 – 13:30,131
13:30 – 14:00,156
6:00 – 6:30,77
6:30 – 7:00,77
7:00 – 7:30,85
7:30 – 8:00,95
8:00 – 8:30,93
8:30 – 9:00,87
9:00 – 9:30,110
9:30 – 10:00,108
10:00 – 10:30,123
10:30 – 11:00,135
11:00 – 11:30,100
11:30 – 12:00,115
12:00 – 12:30,182
12:30 – 13:00,140
13:00 – 13:30,131
13:30 – 14:00,150
6:00 – 6:30,70
6:30 – 7:00,87
7:00 – 7:30,91
7:30 – 8:00,93
8:00 – 8:30,85
8:30 – 9:00,83
9:00 – 9:30,118
9:30 – 10:00,111
10:00 – 10:30,114
10:30 – 11:00,159
11:00 – 11:30,118
11:30 – 12:00,110
12:00 – 12:30,165
12:30 – 13:00,129
13:00 – 13:30,145
13:30 – 14:00,142
6:00 – 6:30,66
6:30 – 7:00,83
7:00 – 7:30,81
7:30 – 8:00,77
8:00 – 8:30,87
8:30 – 9:00,93
9:00 – 9:30,115
9:30 – 10:00,105
10:00 – 10:30,118
10:30 – 11:00,150
11:00 – 11:30,113
11:30 – 12:00,118
12:00 – 12:30,153
12:30 – 13:00,125
13:00 – 13:30,147
13:30 – 14:00,150
6:00 – 6:30,72
6:30 – 7:00,90
7:00 – 7:30,84
7:30 – 8:00,77
8:00 – 8:30,90
8:30 – 9:00,103
9:00 – 9:30,117
9:30 – 10:00,101
10:00 – 10:30,124
10:30 – 11:00,144
11:00 – 11:30,105
11:30 – 12:00,111
12:00 – 12:30,168
12:30 – 13:00,129
13:00 – 13:30,133
13:30 – 14:00,155
6:00 – 6:30,71
6:30 – 7:00,90
7:00 – 7:30,91
7:30 – 8:00,77
8:00 – 8:30,80
8:30 – 9:00,87
9:00 – 9:30,110
9:30 – 10:00,115
10:00 – 10:30,123
10:30 – 11:00,161
11:00 – 11:30,103
11:30 – 12:00,127
12:00 – 12:30,182
12:30 – 13:00,129
13:00 – 13:30,130
13:30 – 14:00,148
6:00 – 6:30,77
6:30 – 7:00,91
7:00 – 7:30,86
7:30 – 8:00,88
8:00 – 8:30,90
8:30 – 9:00,83
9:00 – 9:30,121
9:30 – 10:00,110
10:00 – 10:30,114
10:30 – 11:00,164
11:00 – 11:30,115
11:30 – 12:00,128
12:00 – 12:30,156
12:30 – 13:00,128
13:00 – 13:30,136
13:30 – 14:00,153
6:00 – 6:30,76
6:30 – 7:00,82
7:00 – 7:30,89
7:30 – 8:00,95
8:00 – 8:30,86
8:30 – 9:00,102
9:00 – 9:30,121
9:30 – 10:00,105
10:00 – 10:30,124
10:30 – 11:00,161
11:00 – 11:30,101
11:30 – 12:00,124
12:00 – 12:30,151
12:30 – 13:00,138
13:00 – 13:30,124
13:30 – 14:00,161
6:00 – 6:30,66
6:30 – 7:00,88
7:00 – 7:30,85
7:30 – 8:00,94
8:00 – 8:30,89
8:30 – 9:00,86
9:00 – 9:30,114
9:30 – 10:00,99
10:00 – 10:30,109
10:30 – 11:00,136
11:00 – 11:30,120
11:30 – 12:00,114
12:00 – 12:30,158
12:30 – 13:00,137
13:00 – 13:30,146
13:30 – 14:00,134
6:00 – 6:30,75
6:30 – 7:00,87
7:00 – 7:30,95
7:30 – 8:00,81
8:00 – 8:30,86
8:30 – 9:00,97
9:00 – 9:30,117
9:30 – 10:00,105
10:00 – 10:30,119
10:30 – 11:00,154
11:00 – 11:30,122
11:30 – 12:00,122
12:00 – 12:30,155
12:30 – 13:00,127
13:00 – 13:30,134
13:30 – 14:00,144
6:00 – 6:30,75
6:30 – 7:00,95
7:00 – 7:30,82
7:30 – 8:00,83
8:00 – 8:30,79
8:30 – 9:00,97
9:00 – 9:30,113
9:30 – 10:00,105
10:00 – 10:30,124
10:30 – 11:00,141
11:00 – 11:30,113
11:30 – 12:00,107
12:00 – 12:30,174
12:30 – 13:00,140
13:00 – 13:30,120
13:30 – 14:00,146
6:00 – 6:30,64
6:30 – 7:00,77
7:00 – 7:30,89
7:30 – 8:00,87
8:00 – 8:30,90
8:30 – 9:00,87
9:00 – 9:30,125
9:30 – 10:00,105
10:00 – 10:30,126
10:30 – 11:00,158
11:00 – 11:30,121
11:30 – 12:00,107
12:00 – 12:30,182
12:30 – 13:00,136
13:00 – 13:30,130
13:30 – 14:00,153
6:00 – 6:30,69
6:30 – 7:00,89
7:00 – 7:30,95
7:30 – 8:00,86
8:00 – 8:30,83
8:30 – 9:00,90
9:00 – 9:30,123
9:30 – 10:00,102
10:00 – 10:30,120
10:30 – 11:00,145
11:00 – 11:30,102
11:30 – 12:00,114
12:00 – 12:30,181
12:30 – 13:00,129
13:00 – 13:30,140
13:30 – 14:00,164
6:00 – 6:30,65
6:30 – 7:00,84
7:00 – 7:30,87
7:30 – 8:00,93
8:00 – 8:30,88
8:30 – 9:00,90
9:00 – 9:30,108
9:30 – 10:00,109
10:00 – 10:30,109
10:30 – 11:00,136
11:00 – 11:30,110
11:30 – 12:00,108
12:00 – 12:30,167
12:30 – 13:00,148
13:00 – 13:30,140
13:30 – 14:00,159
6:00 – 6:30,70
6:30 – 7:00,90
7:00 – 7:30,83
7:30 – 8:00,92
8:00 – 8:30,78
8:30 – 9:00,85
9:00 – 9:30,127
9:30 – 10:00,114
10:00 – 10:30,116
10:30 – 11:00,136
11:00 – 11:30,122
11:30 – 12:00,115
12:00 – 12:30,159
12:30 – 13:00,143
13:00 – 13:30,129
13:30 – 14:00,146
6:00 – 6:30,63
6:30 – 7:00,93
7:00 – 7:30,82
7:30 – 8:00,88
8:00 – 8:30,81
8:30 – 9:00,92
9:00 – 9:30,105
9:30 – 10:00,108
10:00 – 10:30,117
10:30 – 11:00,150
11:00 – 11:30,110
11:30 – 12:00,131
12:00 – 12:30,163
12:30 – 13:00,130
13:00 – 13:30,143
13:30 – 14:00,159
6:00 – 6:30,77
6:30 – 7:00,79
7:00 – 7:30,89
7:30 – 8:00,94
8:00 – 8:30,81
8:30 – 9:00,95
9:00 – 9:30,118
9:30 – 10:00,114
10:00 – 10:30,121
10:30 – 11:00,150
11:00 – 11:30,100
11:30 – 12:00,129
12:00 – 12:30,156
12:30 – 13:00,135
13:00 – 13:30,129
13:30 – 14:00,139
6:00 – 6:30,66
6:30 – 7:00,88
7:00 – 7:30,92
7:30 – 8:00,85
8:00 – 8:30,77
8:30 – 9:00,101
9:00 – 9:30,124
9:30 – 10:00,111
10:00 – 10:30,115
10:30 – 11:00,143
11:00 – 11:30,111
11:30 – 12:00,126
12:00 – 12:30,167
12:30 – 13:00,134
13:00 – 13:30,137
13:30 – 14:00,144
6:00 – 6:30,70
6:30 – 7:00,81
7:00 – 7:30,81
7:30 – 8:00,90
8:00 – 8:30,92
8:30 – 9:00,100
9:00 – 9:30,113
9:30 – 10:00,110
10:00 – 10:30,113
10:30 – 11:00,147
11:00 – 11:30,109
11:30 – 12:00,119
12:00 – 12:30,178
12:30 – 13:00,146
13:00 – 13:30,140
13:30 – 14:00,164
6:00 – 6:30,68
6:30 – 7:00,86
7:00 – 7:30,84
7:30 – 8:00,83
8:00 – 8:30,83
8:30 – 9:00,88
9:00 – 9:30,126
9:30 – 10:00,116
10:00 – 10:30,118
10:30 – 11:00,146
11:00 – 11:30,113
11:30 – 12:00,107
12:00 – 12:30,176
12:30 – 13:00,130
13:00 – 13:30,130
13:30 – 14:00,140
6:00 – 6:30,70
6:30 – 7:00,88
7:00 – 7:30,94
7:30 – 8:00,81
8:00 – 8:30,85
8:30 – 9:00,89
9:00 – 9:30,122
9:30 – 10:00,116
10:00 – 10:30,123
10:30 – 11:00,138
11:00 – 11:30,106
11:30 – 12:00,119
12:00 – 12:30,182
12:30 – 13:00,153
13:00 – 13:30,134
13:30 – 14:00,140
