18:00 – 18:30,93
18:30 – 19:00,91
19:00 – 19:30,85
19:30 – 20:00,85
20:00 – 20:30,72
20:30 – 21:00,70
21:00 – 21:30,54
21:30 – 22:00,40
18:00 – 18:30,95
18:30 – 19:00,91
19:00 – 19:30,82
19:30 – 20:00,91
20:00 – 20:30,72
20:30 – 21:00,77
21:00 – 21:30,53
21:30 – 22:00,36
18:00 – 18:30,90
18:30 – 19:00,97
19:00 – 19:30,83
19:30 – 20:00,86
20:00 – 20:30,79
20:30 – 21:00,72
21:00 – 21:30,57
21:30 – 22:00,44
18:00 – 18:30,85
18:30 – 19:00,89
19:00 – 19:30,77
19:30 – 20:00,79
20:00 – 20:30,64
20:30 – 21:00,72
21:00 – 21:30,54
21:30 – 22:00,41
18:00 – 18:30,89
18:30 – 19:00,84
19:00 – 19:30,76
19:30 – 20:00,86
20:00 – 20:30,74
20:30 – 21:00,64
21:00 – 21:30,58
21:30 – 22:00,37
18:00 – 18:30,91
18:30 – 19:00,94
19:00 – 19:30,82
19:30 – 20:00,93
20:00 – 20:30,73
20:30 – 21:00,73
21:00 – 21:30,60
21:30 – 22:00,44
18:00 – 18:30,94
18:30 – 19:00,88
19:00 – 19:30,84
19:30 – 20:00,84
20:00 – 20:30,80
20:30 – 21:00,66
21:00 – 21:30,52
21:30 – 22:00,36
18:00 – 18:30,95
18:30 – 19:00,90
19:00 – 19:30,81
19:30 – 20:00,87
20:00 – 20:30,65
20:30 – 21:00,74
21:00 – 21:30,51
21:30 – 22:00,39
18:00 – 18:30,102
18:30 – 19:00,87
19:00 – 19:30,94
19:30 – 20:00,86
20:00 – 20:30,70
20:30 – 21:00,74
21:00 – 21:30,56
21:30 – 22:00,43
18:00 – 18:30,91
18:30 – 19:00,101
19:00 – 19:30,89
19:30 – 20:00,94
20:00 – 20:30,76
20:30 – 21:00,73
21:00 – 21:30,59
21:30 – 22:00,38
18:00 – 18:30,83
18:30 – 19:00,88
19:00 – 19:30,88
19:30 – 20:00,94
20:00 – 20:30,73
20:30 – 21:00,63
21:00 – 21:30,48
21:30 – 22:00,37
18:00 – 18:30,93
18:30 – 19:00,87
19:00 – 19:30,90
19:30 – 20:00,87
20:00 – 20:30,65
20:30 – 21:00,63
21:00 – 21:30,48
21:30 – 22:00,36
18:00 – 18:30,90
18:30 – 19:00,82
19:00 – 19:30,87
19:30 – 20:00,89
20:00 – 20:30,78
20:30 – 21:00,66
21:00 – 21:30,54
21:30 – 22:00,38
18:00 – 18:30,87
18:30 – 19:00,84
19:00 – 19:30,79
19:30 – 20:00,94
20:00 – 20:30,78
20:30 – 21:00,63
21:00 – 21:30,50
21:30 – 22:00,43
18:00 – 18:30,91
18:30 – 19:00,99
19:00 – 19:30,92
19:30 – 20:00,94
20:00 – 20:30,79
20:30 – 21:00,76
21:00 – 21:30,49
21:30 – 22:00,39
18:00 – 18:30,87
18:30 – 19:00,99
19:00 – 19:30,76
19:30 – 20:00,82
20:00 – 20:30,79
20:30 – 21:00,64
21:00 – 21:30,52
21:30 – 22:00,38
18:00 – 18:30,86
18:30 – 19:00,101
19:00 – 19:30,93
19:30 – 20:00,76
20:00 – 20:30,67
20:30 – 21:00,69
21:00 – 21:30,51
21:30 – 22:00,40
18:00 – 18:30,96
18:30 – 19:00,89
19:00 – 19:30,83
19:30 – 20:00,85
20:00 – 20:30,72
20:30 – 21:00,71
21:00 – 21:30,52
21:30 – 22:00,44
18:00 – 18:30,92
18:30 – 19:00,85
19:00 – 19:30,92
19:30 – 20:00,83
20:00 – 20:30,65
20:30 – 21:00,77
21:00 – 21:30,58
21:30 – 22:00,38
18:00 – 18:30,100
18:30 – 19:00,99
19:00 – 19:30,88
19:30 – 20:00,89
20:00 – 20:30,80
20:30 – 21:00,63
21:00 – 21:30,60
21:30 – 22:00,37
18:00 – 18:30,83
18:30 – 19:00,99
19:00 – 19:30,79
19:30 – 20:00,80
20:00 – 20:30,69
20:30 – 21:00,69
21:00 – 21:30,57
21:30 – 22:00,44
18:00 – 18:30,100
18:30 – 19:00,83
19:00 – 19:30,84
19:30 – 20:00,82
20:00 – 20:30,75
20:30 – 21:00,75
21:00 – 21:30,50
21:30 – 22:00,37
18:00 – 18:30,83
18:30 – 19:00,82
19:00 – 19:30,86
19:30 – 20:00,78
20:00 – 20:30,64
20:30 – 21:00,68
21:00 – 21:30,54
21:30 – 22:00,44
18:00 – 18:30,88
18:30 – 19:00,83
19:00 – 19:30,87
19:30 – 20:00,80
20:00 – 20:30,66
20:30 – 21:00,71
21:00 – 21:30,53
21:30 – 22:00,37
18:00 – 18:30,93
18:30 – 19:00,92
19:00 – 19:30,84
19:30 – 20:00,91
20:00 – 20:30,80
20:30 – 21:00,64
21:00 – 21:30,58
21:30 – 22:00,43
18:00 – 18:30,87
18:30 – 19:00,85
19:00 – 19:30,78
19:30 – 20:00,93
20:00 – 20:30,64
20:30 – 21:00,68
21:00 – 21:30,49
21:30 – 22:00,36
18:00 – 18:30,91
18:30 – 19:00,94
19:00 – 19:30,79
19:30 – 20:00,85
20:00 – 20:30,64
20:30 – 21:00,72
21:00 – 21:30,52
21:30 – 22:00,38
18:00 – 18:30,99
18:30 – 19:00,101
19:00 – 19:30,85
19:30 – 20:00,94
20:00 – 20:30,73
20:30 – 21:00,76
21:00 – 21:30,49
21:30 – 22:00,36
18:00 – 18:30,92
18:30 – 19:00,92
19:00 – 19:30,92
19:30 – 20:00,83
20:00 – 20:30,75
20:30 – 21:00,72
21:00 – 21:30,50
21:30 – 22:00,44
18:00 – 18:30,101
18:30 – 19:00,87
19:00 – 19:30,91
19:30 – 20:00,93
20:00 – 20:30,75
20:30 – 21:00,76
21:00 – 21:30,60
21:30 – 22:00,36
18:00 – 18:30,94
18:30 – 19:00,84
19:00 – 19:30,86
19:30 – 20:00,86
20:00 – 20:30,77
20:30 – 21:00,76
21:00 – 21:30,58
21:30 – 22:00,41
18:00 – 18:30,102
18:30 – 19:00,87
19:00 – 19:30,86
19:30 – 20:00,85
20:00 – 20:30,67
20:30 – 21:00,73
21:00 – 21:30,54
21:30 – 22:00,41
18:00 – 18:30,88
18:30 – 19:00,88
19:00 – 19:30,77
19:30 – 20:00,94
20:00 – 20:30,64
20:30 – 21:00,67
21:00 – 21:30,59
21:30 – 22:00,43
18:00 – 18:30,96
18:30 – 19:00,95
19:00 – 19:30,90
19:30 – 20:00,81
20:00 – 20:30,73
20:30 – 21:00,74
21:00 – 21:30,52
21:30 – 22:00,37
18:00 – 18:30,102
18:30 – 19:00,100
19:00 – 19:30,89
19:30 – 20:00,89
20:00 – 20:30,78
20:30 – 21:00,71
21:00 – 21:30,52
21:30 – 22:00,42
18:00 – 18:30,101
18:30 – 19:00,99
19:00 – 19:30,80
19:30 – 20:00,77
20:00 – 20:30,74
20:30 – 21:00,74
21:00 – 21:30,57
21:30 – 22:00,43
18:00 – 18:30,86
18:30 – 19:00,98
19:00 – 19:30,91
19:30 – 20:00,79
20:00 – 20:30,66
20:30 – 21:00,73
21:00 – 21:30,48
21:30 – 22:00,42
18:00 – 18:30,90
18:30 – 19:00,98
19:00 – 19:30,77
19:30 – 20:00,93
20:00 – 20:30,73
20:30 – 21:00,69
21:00 – 21:30,49
21:30 – 22:00,40
18:00 – 18:30,90
18:30 – 19:00,97
19:00 – 19:30,80
19:30 – 20:00,80
20:00 – 20:30,69
20:30 – 21:00,71
21:00 – 21:30,60
21:30 – 22:00,37
18:00 – 18:30,92
18:30 – 19:00,86
19:00 – 19:30,81
19:30 – 20:00,76
20:00 – 20:30,64
20:30 – 21:00,63
21:00 – 21:30,59
21:30 – 22:00,37
18:00 – 18:30,101
18:30 – 19:00,96
19:00 – 19:30,82
19:30 – 20:00,76
20:00 – 20:30,71
20:30 – 21:00,68
21:00 – 21:30,58
21:30 – 22:00,43
18:00 – 18:30,87
18:30 – 19:00,98
19:00 – 19:30,90
19:30 – 20:00,91
20:00 – 20:30,68
20:30 – 21:00,75
21:00 – 21:30,51
21:30 – 22:00,41
18:00 – 18:30,95
18:30 – 19:00,91
19:00 – 19:30,92
19:30 – 20:00,93
20:00 – 20:30,64
20:30 – 21:00,76
21:00 – 21:30,50
21:30 – 22:00,40
18:00 – 18:30,85
18:30 – 19:00,90
19:00 – 19:30,85
19:30 – 20:00,78
20:00 – 20:30,72
20:30 – 21:00,69
21:00 – 21:30,52
21:30 – 22:00,39
18:00 – 18:30,86
18:30 – 19:00,94
19:00 – 19:30,84
19:30 – 20:00,87
20:00 – 20:30,64
20:30 – 21:00,67
21:00 – 21:30,52
21:30 – 22:00,38
18:00 – 18:30,85
18:30 – 19:00,83
19:00 – 19:30,76
19:30 – 20:00,83
20:00 – 20:30,79
20:30 – 21:00,68
21:00 – 21:30,48
21:30 – 22:00,40
18:00 – 18:30,100
18:30 – 19:00,100
19:00 – 19:30,85
19:30 – 20:00,93
20:00 – 20:30,77
20:30 – 21:00,72
21:00 – 21:30,52
21:30 – 22:00,44
18:00 – 18:30,85
18:30 – 19:00,99
19:00 – 19:30,77
19:30 – 20:00,88
20:00 – 20:30,69
20:30 – 21:00,68
21:00 – 21:30,48
21:30 – 22:00,40
18:00 – 18:30,83
18:30 – 19:00,92
19:00 – 19:30,77
19:30 – 20:00,77
20:00 – 20:30,77
20:30 – 21:00,69
21:00 – 21:30,52
21:30 – 22:00,44
18:00 – 18:30,94
18:30 – 19:00,88
19:00 – 19:30,82
19:30 – 20:00,85
20:00 – 20:30,76
20:30 – 21:00,69
21:00 – 21:30,48
21:30 – 22:00,41
18:00 – 18:30,90
18:30 – 19:00,92
19:00 – 19:30,84
19:30 – 20:00,79
20:00 – 20:30,67
20:30 – 21:00,75
21:00 – 21:30,49
21:30 – 22:00,38
18:00 – 18:30,98
18:30 – 19:00,84
19:00 – 19:30,94
19:30 – 20:00,77
20:00 – 20:30,73
20:30 – 21:00,63
21:00 – 21:30,54
21:30 – 22:00,41
18:00 – 18:30,95
18:30 – 19:00,93
19:00 – 19:30,89
19:30 – 20:00,83
20:00 – 20:30,64
20:30 – 21:00,63
21:00 – 21:30,52
21:30 – 22:00,41
18:00 – 18:30,91
18:30 – 19:00,95
19:00 – 19:30,77
19:30 – 20:00,78
20:00 – 20:30,65
20:30 – 21:00,64
21:00 – 21:30,56
21:30 – 22:00,40
18:00 – 18:30,96
18:30 – 19:00,83
19:00 – 19:30,87
19:30 – 20:00,92
20:00 – 20:30,80
20:30 – 21:00,73
21:00 – 21:30,50
21:30 – 22:00,42
18:00 – 18:30,101
18:30 – 19:00,83
19:00 – 19:30,90
19:30 – 20:00,84
20:00 – 20:30,66
20:30 – 21:00,67
21:00 – 21:30,49
21:30 – 22:00,42
18:00 – 18:30,102
18:30 – 19:00,97
19:00 – 19:30,78
19:30 – 20:00,93
20:00 – 20:30,77
20:30 – 21:00,70
21:00 – 21:30,54
21:30 – 22:00,37
18:00 – 18:30,86
18:30 – 19:00,93
19:00 – 19:30,82
19:30 – 20:00,80
20:00 – 20:30,76
20:30 – 21:00,77
21:00 – 21:30,57
21:30 – 22:00,39
18:00 – 18:30,85
18:30 – 19:00,87
19:00 – 19:30,80
19:30 – 20:00,78
20:00 – 20:30,64
20:30 – 21:00,69
21:00 – 21:30,59
21:30 – 22:00,44
18:00 – 18:30,94
18:30 – 19:00,94
19:00 – 19:30,83
19:30 – 20:00,89
20:00 – 20:30,80
20:30 – 21:00,70
21:00 – 21:30,53
21:30 – 22:00,43
18:00 – 18:30,88
18:30 – 19:00,93
19:00 – 19:30,91
19:30 – 20:00,77
20:00 – 20:30,64
20:30 – 21:00,67
21:00 – 21:30,52
21:30 – 22:00,37
18:00 – 18:30,102
18:30 – 19:00,94
19:00 – 19:30,84
19:30 – 20:00,88
20:00 – 20:30,74
20:30 – 21:00,65
21:00 – 21:30,48
21:30 – 22:00,42
18:00 – 18:30,93
18:30 – 19:00,86
19:00 – 19:30,92
19:30 – 20:00,86
20:00 – 20:30,75
20:30 – 21:00,73
21:00 – 21:30,53
21:30 – 22:00,38
18:00 – 18:30,90
18:30 – 19:00,98
19:00 – 19:30,93
19:30 – 20:00,82
20:00 – 20:30,69
20:30 – 21:00,68
21:00 – 21:30,50
21:30 – 22:00,41
18:00 – 18:30,103
18:30 – 19:00,81
19:00 – 19:30,89
19:30 – 20:00,76
20:00 – 20:30,69
20:30 – 21:00,63
21:00 – 21:30,50
21:30 – 22:00,38
18:00 – 18:30,96
18:30 – 19:00,95
19:00 – 19:30,93
19:30 – 20:00,81
20:00 – 20:30,79
20:30 – 21:00,77
21:00 – 21:30,48
21:30 – 22:00,39
18:00 – 18:30,88
18:30 – 19:00,99
19:00 – 19:30,93
19:30 – 20:00,93
20:00 – 20:30,74
20:30 – 21:00,68
21:00 – 21:30,50
21:30 – 22:00,36
18:00 – 18:30,87
18:30 – 19:00,83
19:00 – 19:30,82
19:30 – 20:00,86
20:00 – 20:30,72
20:30 – 21:00,71
21:00 – 21:30,50
21:30 – 22:00,40
18:00 – 18:30,94
18:30 – 19:00,100
19:00 – 19:30,85
19:30 – 20:00,93
20:00 – 20:30,80
20:30 – 21:00,73
21:00 – 21:30,50
21:30 – 22:00,41
18:00 – 18:30,91
18:30 – 19:00,83
19:00 – 19:30,92
19:30 – 20:00,81
20:00 – 20:30,65
20:30 – 21:00,76
21:00 – 21:30,56
21:30 – 22:00,39
18:00 – 18:30,99
18:30 – 19:00,93
19:00 – 19:30,81
19:30 – 20:00,84
20:00 – 20:30,80
20:30 – 21:00,70
21:00 – 21:30,53
21:30 – 22:00,38
18:00 – 18:30,95
18:30 – 19:00,97
19:00 – 19:30,91
19:30 – 20:00,77
20:00 – 20:30,69
20:30 – 21:00,77
21:00 – 21:30,55
21:30 – 22:00,44
18:00 – 18:30,102
18:30 – 19:00,82
19:00 – 19:30,91
19:30 – 20:00,92
20:00 – 20:30,76
20:30 – 21:00,63
21:00 – 21:30,53
21:30 – 22:00,37
18:00 – 18:30,86
18:30 – 19:00,88
19:00 – 19:30,84
19:30 – 20:00,80
20:00 – 20:30,68
20:30 – 21:00,65
21:00 – 21:30,56
21:30 – 22:00,36
18:00 – 18:30,99
18:30 – 19:00,100
19:00 – 19:30,84
19:30 – 20:00,90
20:00 – 20:30,71
20:30 – 21:00,76
21:00 – 21:30,60
21:30 – 22:00,36
18:00 – 18:30,97
18:30 – 19:00,97
19:00 – 19:30,78
19:30 – 20:00,76
20:00 – 20:30,77
20:30 – 21:00,73
21:00 – 21:30,59
21:30 – 22:00,42
18:00 – 18:30,98
18:30 – 19:00,95
19:00 – 19:30,86
19:30 – 20:00,85
20:00 – 20:30,76
20:30 – 21:00,63
21:00 – 21:30,56
21:30 – 22:00,43
18:00 – 18:30,90
18:30 – 19:00,83
19:00 – 19:30,78
19:30 – 20:00,87
20:00 – 20:30,69
20:30 – 21:00,74
21:00 – 21:30,56
21:30 – 22:00,36
18:00 – 18:30,97
18:30 – 19:00,83
19:00 – 19:30,91
19:30 – 20:00,77
20:00 – 20:30,64
20:30 – 21:00,75
21:00 – 21:30,49
21:30 – 22:00,42
18:00 – 18:30,95
18:30 – 19:00,85
19:00 – 19:30,89
19:30 – 20:00,83
20:00 – 20:30,79
20:30 – 21:00,71
21:00 – 21:30,49
21:30 – 22:00,41
18:00 – 18:30,89
18:30 – 19:00,94
19:00 – 19:30,79
19:30 – 20:00,76
20:00 – 20:30,74
20:30 – 21:00,75
21:00 – 21:30,59
21:30 – 22:00,44
18:00 – 18:30,103
18:30 – 19:00,101
19:00 – 19:30,86
19:30 – 20:00,81
20:00 – 20:30,76
20:30 – 21:00,65
21:00 – 21:30,52
21:30 – 22:00,39
18:00 – 18:30,88
18:30 – 19:00,84
19:00 – 19:30,85
19:30 – 20:00,81
20:00 – 20:30,80
20:30 – 21:00,72
21:00 – 21:30,60
21:30 – 22:00,41
18:00 – 18:30,100
18:30 – 19:00,94
19:00 – 19:30,76
19:30 – 20:00,90
20:00 – 20:30,68
20:30 – 21:00,64
21:00 – 21:30,53
21:30 – 22:00,40
18:00 – 18:30,98
18:30 – 19:00,93
19:00 – 19:30,86
19:30 – 20:00,82
20:00 – 20:30,71
20:30 – 21:00,69
21:00 – 21:30,52
21:30 – 22:00,39
18:00 – 18:30,91
18:30 – 19:00,99
19:00 – 19:30,88
19:30 – 20:00,78
20:00 – 20:30,64
20:30 – 21:00,77
21:00 – 21:30,55
21:30 – 22:00,38
18:00 – 18:30,86
18:30 – 19:00,82
19:00 – 19:30,87
19:30 – 20:00,78
20:00 – 20:30,75
20:30 – 21:00,71
21:00 – 21:30,57
21:30 – 22:00,41
18:00 – 18:30,87
18:30 – 19:00,96
19:00 – 19:30,82
19:30 – 20:00,84
20:00 – 20:30,78
20:30 – 21:00,74
21:00 – 21:30,60
21:30 – 22:00,41
18:00 – 18:30,90
18:30 – 19:00,92
19:00 – 19:30,93
19:30 – 20:00,90
20:00 – 20:30,80
20:30 – 21:00,66
21:00 – 21:30,50
21:30 – 22:00,39
18:00 – 18:30,85
18:30 – 19:00,98
19:00 – 19:30,85
19:30 – 20:00,79
20:00 – 20:30,77
20:30 – 21:00,64
21:00 – 21:30,54
21:30 – 22:00,44
18:00 – 18:30,86
18:30 – 19:00,83
19:00 – 19:30,77
19:30 – 20:00,92
20:00 – 20:30,75
20:30 – 21:00,75
21:00 – 21:30,53
21:30 – 22:00,43
18:00 – 18:30,95
18:30 – 19:00,96
19:00 – 19:30,81
19:30 – 20:00,84
20:00 – 20:30,72
20:30 – 21:00,67
21:00 – 21:30,48
21:30 – 22:00,43
18:00 – 18:30,100
18:30 – 19:00,100
19:00 – 19:30,88
19:30 – 20:00,90
20:00 – 20:30,67
20:30 – 21:00,75
21:00 – 21:30,49
21:30 – 22:00,38
18:00 – 18:30,96
18:30 – 19:00,94
19:00 – 19:30,85
19:30 – 20:00,84
20:00 – 20:30,76
20:30 – 21:00,63
21:00 – 21:30,53
21:30 – 22:00,44
18:00 – 18:30,85
18:30 – 19:00,91
19:00 – 19:30,90
19:30 – 20:00,91
20:00 – 20:30,69
20:30 – 21:00,65
21:00 – 21:30,56
21:30 – 22:00,44
18:00 – 18:30,102
18:30 – 19:00,101
19:00 – 19:30,82
19:30 – 20:00,84
20:00 – 20:30,68
20:30 – 21:00,67
21:00 – 21:30,52
21:30 – 22:00,36
18:00 – 18:30,88
18:30 – 19:00,81
19:00 – 19:30,92
19:30 – 20:00,84
20:00 – 20:30,78
20:30 – 21:00,77
21:00 – 21:30,58
21:30 – 22:00,40
18:00 – 18:30,96
18:30 – 19:00,87
19:00 – 19:30,94
19:30 – 20:00,83
20:00 – 20:30,69
20:30 – 21:00,68
21:00 – 21:30,51
21:30 – 22:00,40
18:00 – 18:30,101
18:30 – 19:00,82
19:00 – 19:30,81
19:30 – 20:00,79
20:00 – 20:30,68
20:30 – 21:00,76
21:00 – 21:30,48
21:30 – 22:00,37
18:00 – 18:30,101
18:30 – 19:00,89
19:00 – 19:30,88
19:30 – 20:00,78
20:00 – 20:30,76
20:30 – 21:00,63
21:00 – 21:30,50
21:30 – 22:00,44
18:00 – 18:30,83
18:30 – 19:00,81
19:00 – 19:30,83
19:30 – 20:00,92
20:00 – 20:30,64
20:30 – 21:00,65
21:00 – 21:30,52
21:30 – 22:00,42
18:00 – 18:30,93
18:30 – 19:00,88
19:00 – 19:30,77
19:30 – 20:00,91
20:00 – 20:30,76
20:30 – 21:00,68
21:00 – 21:30,51
21:30 – 22:00,41
18:00 – 18:30,91
18:30 – 19:00,92
19:00 – 19:30,90
19:30 – 20:00,88
20:00 – 20:30,71
20:30 – 21:00,75
21:00 – 21:30,58
21:30 – 22:00,38
18:00 – 18:30,87
18:30 – 19:00,91
19:00 – 19:30,84
19:30 – 20:00,93
20:00 – 20:30,72
20:30 – 21:00,72
21:00 – 21:30,59
21:30 – 22:00,40
18:00 – 18:30,97
18:30 – 19:00,87
19:00 – 19:30,83
19:30 – 20:00,89
20:00 – 20:30,72
20:30 – 21:00,74
21:00 – 21:30,53
21:30 – 22:00,44
18:00 – 18:30,85
18:30 – 19:00,90
19:00 – 19:30,90
19:30 – 20:00,91
20:00 – 20:30,77
20:30 – 21:00,63
21:00 – 21:30,53
21:30 – 22:00,37
18:00 – 18:30,95
18:30 – 19:00,84
19:00 – 19:30,92
19:30 – 20:00,77
20:00 – 20:30,64
20:30 – 21:00,73
21:00 – 21:30,53
21:30 – 22:00,38
18:00 – 18:30,86
18:30 – 19:00,98
19:00 – 19:30,78
19:30 – 20:00,88
20:00 – 20:30,72
20:30 – 21:00,63
21:00 – 21:30,49
21:30 – 22:00,37
18:00 – 18:30,90
18:30 – 19:00,92
19:00 – 19:30,92
19:30 – 20:00,91
20:00 – 20:30,69
20:30 – 21:00,67
21:00 – 21:30,58
21:30 – 22:00,39
18:00 – 18:30,98
18:30 – 19:00,92
19:00 – 19:30,80
19:30 – 20:00,86
20:00 – 20:30,74
20:30 – 21:00,73
21:00 – 21:30,57
21:30 – 22:00,38
18:00 – 18:30,100
18:30 – 19:00,93
19:00 – 19:30,81
19:30 – 20:00,92
20:00 – 20:30,68
20:30 – 21:00,73
21:00 – 21:30,48
21:30 – 22:00,39
18:00 – 18:30,94
18:30 – 19:00,85
19:00 – 19:30,76
19:30 – 20:00,76
20:00 – 20:30,68
20:30 – 21:00,65
21:00 – 21:30,50
21:30 – 22:00,41
18:00 – 18:30,98
18:30 – 19:00,82
19:00 – 19:30,84
19:30 – 20:00,76
20:00 – 20:30,70
20:30 – 21:00,66
21:00 – 21:30,53
21:30 – 22:00,36
18:00 – 18:30,100
18:30 – 19:00,95
19:00 – 19:30,88
19:30 – 20:00,84
20:00 – 20:30,70
20:30 – 21:00,69
21:00 – 21:30,56
21:30 – 22:00,37
18:00 – 18:30,103
18:30 – 19:00,101
19:00 – 19:30,77
19:30 – 20:00,80
20:00 – 20:30,75
20:30 – 21:00,64
21:00 – 21:30,56
21:30 – 22:00,37
18:00 – 18:30,90
18:30 – 19:00,96
19:00 – 19:30,80
19:30 – 20:00,88
20:00 – 20:30,79
20:30 – 21:00,69
21:00 – 21:30,51
21:30 – 22:00,41
18:00 – 18:30,94
18:30 – 19:00,96
19:00 – 19:30,88
19:30 – 20:00,92
20:00 – 20:30,80
20:30 – 21:00,64
21:00 – 21:30,48
21:30 – 22:00,43
18:00 – 18:30,99
18:30 – 19:00,94
19:00 – 19:30,80
19:30 – 20:00,78
20:00 – 20:30,64
20:30 – 21:00,77
21:00 – 21:30,52
21:30 – 22:00,36
18:00 – 18:30,102
18:30 – 19:00,89
19:00 – 19:30,81
19:30 – 20:00,86
20:00 – 20:30,72
20:30 – 21:00,77
21:00 – 21:30,58
21:30 – 22:00,43
18:00 – 18:30,97
18:30 – 19:00,81
19:00 – 19:30,85
19:30 – 20:00,87
20:00 – 20:30,71
20:30 – 21:00,74
21:00 – 21:30,51
21:30 – 22:00,44
18:00 – 18:30,93
18:30 – 19:00,100
19:00 – 19:30,92
19:30 – 20:00,85
20:00 – 20:30,64
20:30 – 21:00,75
21:00 – 21:30,52
21:30 – 22:00,43
18:00 – 18:30,93
18:30 – 19:00,93
19:00 – 19:30,93
19:30 – 20:00,86
20:00 – 20:30,72
20:30 – 21:00,67
21:00 – 21:30,56
21:30 – 22:00,39
18:00 – 18:30,97
18:30 – 19:00,100
19:00 – 19:30,94
19:30 – 20:00,80
20:00 – 20:30,79
20:30 – 21:00,74
21:00 – 21:30,49
21:30 – 22:00,41
18:00 – 18:30,99
18:30 – 19:00,94
19:00 – 19:30,81
19:30 – 20:00,80
20:00 – 20:30,70
20:30 – 21:00,70
21:00 – 21:30,50
21:30 – 22:00,44
18:00 – 18:30,91
18:30 – 19:00,82
19:00 – 19:30,84
19:30 – 20:00,84
20:00 – 20:30,79
20:30 – 21:00,74
21:00 – 21:30,50
21:30 – 22:00,39
18:00 – 18:30,89
18:30 – 19:00,84
19:00 – 19:30,76
19:30 – 20:00,91
20:00 – 20:30,71
20:30 – 21:00,72
21:00 – 21:30,51
21:30 – 22:00,37
18:00 – 18:30,95
18:30 – 19:00,86
19:00 – 19:30,82
19:30 – 20:00,86
20:00 – 20:30,64
20:30 – 21:00,69
21:00 – 21:30,50
21:30 – 22:00,43