18:00 – 18:30,127
18:30 – 19:00,134
19:00 – 19:30,118
19:30 – 20:00,111
20:00 – 20:30,104
20:30 – 21:00,84
21:00 – 21:30,70
21:30 – 22:00,55
18:00 – 18:30,134
18:30 – 19:00,129
19:00 – 19:30,130
19:30 – 20:00,107
20:00 – 20:30,114
20:30 – 21:00,80
21:00 – 21:30,73
21:30 – 22:00,52
18:00 – 18:30,133
18:30 – 19:00,130
19:00 – 19:30,118
19:30 – 20:00,116
20:00 – 20:30,111
20:30 – 21:00,75
21:00 – 21:30,69
21:30 – 22:00,53
18:00 – 18:30,135
18:30 – 19:00,125
19:00 – 19:30,118
19:30 – 20:00,114
20:00 – 20:30,106
20:30 – 21:00,90
21:00 – 21:30,70
21:30 – 22:00,58
18:00 – 18:30,137
18:30 – 19:00,133
19:00 – 19:30,123
19:30 – 20:00,109
20:00 – 20:30,96
20:30 – 21:00,91
21:00 – 21:30,70
21:30 – 22:00,60
18:00 – 18:30,118
18:30 – 19:00,134
19:00 – 19:30,111
19:30 – 20:00,102
20:00 – 20:30,110
20:30 – 21:00,92
21:00 – 21:30,68
21:30 – 22:00,55
18:00 – 18:30,121
18:30 – 19:00,144
19:00 – 19:30,111
19:30 – 20:00,101
20:00 – 20:30,112
20:30 – 21:00,86
21:00 – 21:30,69
21:30 – 22:00,57
18:00 – 18:30,135
18:30 – 19:00,145
19:00 – 19:30,109
19:30 – 20:00,114
20:00 – 20:30,111
20:30 – 21:00,80
21:00 – 21:30,65
21:30 – 22:00,57
18:00 – 18:30,126
18:30 – 19:00,135
19:00 – 19:30,113
19:30 – 20:00,108
20:00 – 20:30,107
20:30 – 21:00,86
21:00 – 21:30,75
21:30 – 22:00,61
18:00 – 18:30,137
18:30 – 19:00,148
19:00 – 19:30,120
19:30 – 20:00,108
20:00 – 20:30,107
20:30 – 21:00,88
21:00 – 21:30,76
21:30 – 22:00,55
18:00 – 18:30,123
18:30 – 19:00,148
19:00 – 19:30,126
19:30 – 20:00,115
20:00 – 20:30,113
20:30 – 21:00,75
21:00 – 21:30,69
21:30 – 22:00,61
18:00 – 18:30,126
18:30 – 19:00,137
19:00 – 19:30,120
19:30 – 20:00,105
20:00 – 20:30,113
20:30 – 21:00,88
21:00 – 21:30,76
21:30 – 22:00,53
18:00 – 18:30,121
18:30 – 19:00,125
19:00 – 19:30,124
19:30 – 20:00,121
20:00 – 20:30,111
20:30 – 21:00,85
21:00 – 21:30,76
21:30 – 22:00,57
18:00 – 18:30,129
18:30 – 19:00,133
19:00 – 19:30,106
19:30 – 20:00,103
20:00 – 20:30,96
20:30 – 21:00,92
21:00 – 21:30,73
21:30 – 22:00,55
18:00 – 18:30,138
18:30 – 19:00,135
19:00 – 19:30,110
19:30 – 20:00,118
20:00 – 20:30,105
20:30 – 21:00,86
21:00 – 21:30,74
21:30 – 22:00,61
18:00 – 18:30,119
18:30 – 19:00,128
19:00 – 19:30,111
19:30 – 20:00,100
20:00 – 20:30,93
20:30 – 21:00,77
21:00 – 21:30,69
21:30 – 22:00,53
18:00 – 18:30,122
18:30 – 19:00,124
19:00 – 19:30,111
19:30 – 20:00,101
20:00 – 20:30,109
20:30 – 21:00,77
21:00 – 21:30,74
21:30 – 22:00,52
18:00 – 18:30,130
18:30 – 19:00,142
19:00 – 19:30,117
19:30 – 20:00,118
20:00 – 20:30,108
20:30 – 21:00,77
21:00 – 21:30,67
21:30 – 22:00,56
18:00 – 18:30,132
18:30 – 19:00,133
19:00 – 19:30,114
19:30 – 20:00,104
20:00 – 20:30,95
20:30 – 21:00,76
21:00 – 21:30,65
21:30 – 22:00,52
18:00 – 18:30,124
18:30 – 19:00,132
19:00 – 19:30,115
19:30 – 20:00,109
20:00 – 20:30,105
20:30 – 21:00,90
21:00 – 21:30,74
21:30 – 22:00,59
18:00 – 18:30,139
18:30 – 19:00,148
19:00 – 19:30,129
19:30 – 20:00,115
20:00 – 20:30,95
20:30 – 21:00,88
21:00 – 21:30,76
21:30 – 22:00,58
18:00 – 18:30,126
18:30 – 19:00,131
19:00 – 19:30,119
19:30 – 20:00,102
20:00 – 20:30,105
20:30 – 21:00,90
21:00 – 21:30,73
21:30 – 22:00,51
18:00 – 18:30,122
18:30 – 19:00,121
19:00 – 19:30,116
19:30 – 20:00,108
20:00 – 20:30,95
20:30 – 21:00,86
21:00 – 21:30,73
21:30 – 22:00,55
18:00 – 18:30,114
18:30 – 19:00,121
19:00 – 19:30,129
19:30 – 20:00,112
20:00 – 20:30,112
20:30 – 21:00,87
21:00 – 21:30,69
21:30 – 22:00,59
18:00 – 18:30,131
18:30 – 19:00,130
19:00 – 19:30,117
19:30 – 20:00,118
20:00 – 20:30,94
20:30 – 21:00,82
21:00 – 21:30,70
21:30 – 22:00,55
18:00 – 18:30,135
18:30 – 19:00,121
19:00 – 19:30,121
19:30 – 20:00,107
20:00 – 20:30,113
20:30 – 21:00,81
21:00 – 21:30,71
21:30 – 22:00,51
18:00 – 18:30,124
18:30 – 19:00,147
19:00 – 19:30,120
19:30 – 20:00,111
20:00 – 20:30,106
20:30 – 21:00,80
21:00 – 21:30,63
21:30 – 22:00,56
18:00 – 18:30,123
18:30 – 19:00,147
19:00 – 19:30,109
19:30 – 20:00,104
20:00 – 20:30,107
20:30 – 21:00,85
21:00 – 21:30,63
21:30 – 22:00,52
18:00 – 18:30,138
18:30 – 19:00,133
19:00 – 19:30,106
19:30 – 20:00,122
20:00 – 20:30,112
20:30 – 21:00,85
21:00 – 21:30,69
21:30 – 22:00,57
18:00 – 18:30,130
18:30 – 19:00,122
19:00 – 19:30,130
19:30 – 20:00,111
20:00 – 20:30,103
20:30 – 21:00,84
21:00 – 21:30,73
21:30 – 22:00,59
18:00 – 18:30,126
18:30 – 19:00,128
19:00 – 19:30,114
19:30 – 20:00,99
20:00 – 20:30,106
20:30 – 21:00,81
21:00 – 21:30,72
21:30 – 22:00,61
18:00 – 18:30,122
18:30 – 19:00,142
19:00 – 19:30,110
19:30 – 20:00,122
20:00 – 20:30,101
20:30 – 21:00,78
21:00 – 21:30,66
21:30 – 22:00,52
18:00 – 18:30,131
18:30 – 19:00,127
19:00 – 19:30,111
19:30 – 20:00,111
20:00 – 20:30,111
20:30 – 21:00,88
21:00 – 21:30,65
21:30 – 22:00,54
18:00 – 18:30,135
18:30 – 19:00,123
19:00 – 19:30,129
19:30 – 20:00,104
20:00 – 20:30,107
20:30 – 21:00,86
21:00 – 21:30,63
21:30 – 22:00,49
18:00 – 18:30,139
18:30 – 19:00,131
19:00 – 19:30,108
19:30 – 20:00,112
20:00 – 20:30,110
20:30 – 21:00,89
21:00 – 21:30,70
21:30 – 22:00,49
18:00 – 18:30,128
18:30 – 19:00,138
19:00 – 19:30,106
19:30 – 20:00,121
20:00 – 20:30,111
20:30 – 21:00,79
21:00 – 21:30,65
21:30 – 22:00,54
18:00 – 18:30,127
18:30 – 19:00,131
19:00 – 19:30,130
19:30 – 20:00,106
20:00 – 20:30,94
20:30 – 21:00,77
21:00 – 21:30,74
21:30 – 22:00,60
18:00 – 18:30,120
18:30 – 19:00,139
19:00 – 19:30,108
19:30 – 20:00,120
20:00 – 20:30,99
20:30 – 21:00,78
21:00 – 21:30,77
21:30 – 22:00,51
18:00 – 18:30,129
18:30 – 19:00,121
19:00 – 19:30,124
19:30 – 20:00,106
20:00 – 20:30,111
20:30 – 21:00,79
21:00 – 21:30,68
21:30 – 22:00,53
18:00 – 18:30,137
18:30 – 19:00,131
19:00 – 19:30,111
19:30 – 20:00,115
20:00 – 20:30,107
20:30 – 21:00,82
21:00 – 21:30,65
21:30 – 22:00,50
18:00 – 18:30,134
18:30 – 19:00,123
19:00 – 19:30,117
19:30 – 20:00,120
20:00 – 20:30,98
20:30 – 21:00,79
21:00 – 21:30,74
21:30 – 22:00,55
18:00 – 18:30,137
18:30 – 19:00,144
19:00 – 19:30,114
19:30 – 20:00,103
20:00 – 20:30,93
20:30 – 21:00,80
21:00 – 21:30,69
21:30 – 22:00,56
18:00 – 18:30,122
18:30 – 19:00,124
19:00 – 19:30,128
19:30 – 20:00,101
20:00 – 20:30,102
20:30 – 21:00,80
21:00 – 21:30,69
21:30 – 22:00,52
18:00 – 18:30,132
18:30 – 19:00,139
19:00 – 19:30,129
19:30 – 20:00,107
20:00 – 20:30,93
20:30 – 21:00,76
21:00 – 21:30,70
21:30 – 22:00,59
18:00 – 18:30,118
18:30 – 19:00,147
19:00 – 19:30,122
19:30 – 20:00,109
20:00 – 20:30,96
20:30 – 21:00,82
21:00 – 21:30,76
21:30 – 22:00,49
18:00 – 18:30,121
18:30 – 19:00,126
19:00 – 19:30,111
19:30 – 20:00,106
20:00 – 20:30,104
20:30 – 21:00,87
21:00 – 21:30,75
21:30 – 22:00,59
18:00 – 18:30,135
18:30 – 19:00,142
19:00 – 19:30,129
19:30 – 20:00,104
20:00 – 20:30,93
20:30 – 21:00,82
21:00 – 21:30,69
21:30 – 22:00,58
18:00 – 18:30,114
18:30 – 19:00,131
19:00 – 19:30,107
19:30 – 20:00,100
20:00 – 20:30,103
20:30 – 21:00,85
21:00 – 21:30,76
21:30 – 22:00,57
18:00 – 18:30,127
18:30 – 19:00,136
19:00 – 19:30,107
19:30 – 20:00,115
20:00 – 20:30,115
20:30 – 21:00,93
21:00 – 21:30,73
21:30 – 22:00,52
18:00 – 18:30,120
18:30 – 19:00,146
19:00 – 19:30,118
19:30 – 20:00,117
20:00 – 20:30,106
20:30 – 21:00,82
21:00 – 21:30,71
21:30 – 22:00,53
18:00 – 18:30,117
18:30 – 19:00,134
19:00 – 19:30,120
19:30 – 20:00,103
20:00 – 20:30,112
20:30 – 21:00,75
21:00 – 21:30,76
21:30 – 22:00,60
18:00 – 18:30,125
18:30 – 19:00,148
19:00 – 19:30,130
19:30 – 20:00,121
20:00 – 20:30,104
20:30 – 21:00,91
21:00 – 21:30,71
21:30 – 22:00,61
18:00 – 18:30,125
18:30 – 19:00,138
19:00 – 19:30,122
19:30 – 20:00,108
20:00 – 20:30,107
20:30 – 21:00,81
21:00 – 21:30,72
21:30 – 22:00,59
18:00 – 18:30,121
18:30 – 19:00,124
19:00 – 19:30,120
19:30 – 20:00,120
20:00 – 20:30,105
20:30 – 21:00,77
21:00 – 21:30,66
21:30 – 22:00,57
18:00 – 18:30,130
18:30 – 19:00,142
19:00 – 19:30,127
19:30 – 20:00,111
20:00 – 20:30,111
20:30 – 21:00,89
21:00 – 21:30,68
21:30 – 22:00,52
18:00 – 18:30,133
18:30 – 19:00,129
19:00 – 19:30,109
19:30 – 20:00,104
20:00 – 20:30,97
20:30 – 21:00,88
21:00 – 21:30,66
21:30 – 22:00,56
18:00 – 18:30,123
18:30 – 19:00,145
19:00 – 19:30,130
19:30 – 20:00,123
20:00 – 20:30,98
20:30 – 21:00,86
21:00 – 21:30,75
21:30 – 22:00,55
18:00 – 18:30,134
18:30 – 19:00,131
19:00 – 19:30,114
19:30 – 20:00,106
20:00 – 20:30,105
20:30 – 21:00,85
21:00 – 21:30,77
21:30 – 22:00,51
18:00 – 18:30,123
18:30 – 19:00,143
19:00 – 19:30,122
19:30 – 20:00,103
20:00 – 20:30,106
20:30 – 21:00,75
21:00 – 21:30,69
21:30 – 22:00,53
18:00 – 18:30,123
18:30 – 19:00,136
19:00 – 19:30,119
19:30 – 20:00,112
20:00 – 20:30,99
20:30 – 21:00,89
21:00 – 21:30,65
21:30 – 22:00,57
18:00 – 18:30,131
18:30 – 19:00,123
19:00 – 19:30,122
19:30 – 20:00,120
20:00 – 20:30,110
20:30 – 21:00,83
21:00 – 21:30,68
21:30 – 22:00,55
18:00 – 18:30,137
18:30 – 19:00,140
19:00 – 19:30,126
19:30 – 20:00,109
20:00 – 20:30,98
20:30 – 21:00,89
21:00 – 21:30,71
21:30 – 22:00,56
18:00 – 18:30,130
18:30 – 19:00,126
19:00 – 19:30,125
19:30 – 20:00,103
20:00 – 20:30,99
20:30 – 21:00,78
21:00 – 21:30,70
21:30 – 22:00,57
18:00 – 18:30,134
18:30 – 19:00,121
19:00 – 19:30,110
19:30 – 20:00,100
20:00 – 20:30,111
20:30 – 21:00,81
21:00 – 21:30,73
21:30 – 22:00,54
18:00 – 18:30,126
18:30 – 19:00,130
19:00 – 19:30,113
19:30 – 20:00,104
20:00 – 20:30,112
20:30 – 21:00,87
21:00 – 21:30,73
21:30 – 22:00,58
18:00 – 18:30,123
18:30 – 19:00,135
19:00 – 19:30,109
19:30 – 20:00,114
20:00 – 20:30,100
20:30 – 21:00,88
21:00 – 21:30,66
21:30 – 22:00,60
18:00 – 18:30,139
18:30 – 19:00,148
19:00 – 19:30,108
19:30 – 20:00,104
20:00 – 20:30,96
20:30 – 21:00,86
21:00 – 21:30,75
21:30 – 22:00,60
18:00 – 18:30,130
18:30 – 19:00,120
19:00 – 19:30,130
19:30 – 20:00,109
20:00 – 20:30,100
20:30 – 21:00,88
21:00 – 21:30,76
21:30 – 22:00,59
18:00 – 18:30,116
18:30 – 19:00,125
19:00 – 19:30,106
19:30 – 20:00,121
20:00 – 20:30,112
20:30 – 21:00,89
21:00 – 21:30,72
21:30 – 22:00,51
18:00 – 18:30,121
18:30 – 19:00,141
19:00 – 19:30,127
19:30 – 20:00,114
20:00 – 20:30,103
20:30 – 21:00,76
21:00 – 21:30,70
21:30 – 22:00,54
18:00 – 18:30,114
18:30 – 19:00,137
19:00 – 19:30,121
19:30 – 20:00,103
20:00 – 20:30,97
20:30 – 21:00,84
21:00 – 21:30,64
21:30 – 22:00,59
18:00 – 18:30,127
18:30 – 19:00,122
19:00 – 19:30,112
19:30 – 20:00,120
20:00 – 20:30,111
20:30 – 21:00,77
21:00 – 21:30,72
21:30 – 22:00,60
18:00 – 18:30,123
18:30 – 19:00,139
19:00 – 19:30,126
19:30 – 20:00,103
20:00 – 20:30,102
20:30 – 21:00,83
21:00 – 21:30,69
21:30 – 22:00,57
18:00 – 18:30,119
18:30 – 19:00,127
19:00 – 19:30,113
19:30 – 20:00,115
20:00 – 20:30,100
20:30 – 21:00,90
21:00 – 21:30,64
21:30 – 22:00,53
18:00 – 18:30,125
18:30 – 19:00,141
19:00 – 19:30,119
19:30 – 20:00,114
20:00 – 20:30,97
20:30 – 21:00,86
21:00 – 21:30,69
21:30 – 22:00,58
18:00 – 18:30,133
18:30 – 19:00,140
19:00 – 19:30,120
19:30 – 20:00,112
20:00 – 20:30,112
20:30 – 21:00,79
21:00 – 21:30,69
21:30 – 22:00,51
18:00 – 18:30,138
18:30 – 19:00,126
19:00 – 19:30,115
19:30 – 20:00,106
20:00 – 20:30,108
20:30 – 21:00,90
21:00 – 21:30,77
21:30 – 22:00,60
18:00 – 18:30,116
18:30 – 19:00,128
19:00 – 19:30,119
19:30 – 20:00,109
20:00 – 20:30,95
20:30 – 21:00,86
21:00 – 21:30,74
21:30 – 22:00,55
18:00 – 18:30,123
18:30 – 19:00,127
19:00 – 19:30,109
19:30 – 20:00,112
20:00 – 20:30,113
20:30 – 21:00,86
21:00 – 21:30,67
21:30 – 22:00,57
18:00 – 18:30,122
18:30 – 19:00,144
19:00 – 19:30,109
19:30 – 20:00,103
20:00 – 20:30,94
20:30 – 21:00,85
21:00 – 21:30,68
21:30 – 22:00,61
18:00 – 18:30,135
18:30 – 19:00,142
19:00 – 19:30,113
19:30 – 20:00,110
20:00 – 20:30,107
20:30 – 21:00,80
21:00 – 21:30,67
21:30 – 22:00,58
18:00 – 18:30,129
18:30 – 19:00,144
19:00 – 19:30,108
19:30 – 20:00,115
20:00 – 20:30,103
20:30 – 21:00,91
21:00 – 21:30,65
21:30 – 22:00,59
18:00 – 18:30,117
18:30 – 19:00,128
19:00 – 19:30,114
19:30 – 20:00,99
20:00 – 20:30,113
20:30 – 21:00,86
21:00 – 21:30,72
21:30 – 22:00,51
18:00 – 18:30,126
18:30 – 19:00,142
19:00 – 19:30,116
19:30 – 20:00,112
20:00 – 20:30,101
20:30 – 21:00,90
21:00 – 21:30,70
21:30 – 22:00,50
18:00 – 18:30,130
18:30 – 19:00,143
19:00 – 19:30,120
19:30 – 20:00,104
20:00 – 20:30,95
20:30 – 21:00,92
21:00 – 21:30,76
21:30 – 22:00,57
18:00 – 18:30,134
18:30 – 19:00,120
19:00 – 19:30,113
19:30 – 20:00,103
20:00 – 20:30,112
20:30 – 21:00,83
21:00 – 21:30,77
21:30 – 22:00,61
18:00 – 18:30,134
18:30 – 19:00,128
19:00 – 19:30,130
19:30 – 20:00,115
20:00 – 20:30,114
20:30 – 21:00,86
21:00 – 21:30,76
21:30 – 22:00,53
18:00 – 18:30,125
18:30 – 19:00,128
19:00 – 19:30,129
19:30 – 20:00,118
20:00 – 20:30,95
20:30 – 21:00,83
21:00 – 21:30,76
21:30 – 22:00,58
18:00 – 18:30,121
18:30 – 19:00,135
19:00 – 19:30,128
19:30 – 20:00,108
20:00 – 20:30,102
20:30 – 21:00,90
21:00 – 21:30,63
21:30 – 22:00,51
18:00 – 18:30,136
18:30 – 19:00,128
19:00 – 19:30,114
19:30 – 20:00,116
20:00 – 20:30,110
20:30 – 21:00,81
21:00 – 21:30,72
21:30 – 22:00,55
18:00 – 18:30,130
18:30 – 19:00,138
19:00 – 19:30,110
19:30 – 20:00,112
20:00 – 20:30,98
20:30 – 21:00,75
21:00 – 21:30,76
21:30 – 22:00,57
18:00 – 18:30,122
18:30 – 19:00,144
19:00 – 19:30,117
19:30 – 20:00,109
20:00 – 20:30,99
20:30 – 21:00,82
21:00 – 21:30,65
21:30 – 22:00,56
18:00 – 18:30,138
18:30 – 19:00,121
19:00 – 19:30,129
19:30 – 20:00,107
20:00 – 20:30,113
20:30 – 21:00,93
21:00 – 21:30,70
21:30 – 22:00,58
18:00 – 18:30,121
18:30 – 19:00,144
19:00 – 19:30,115
19:30 – 20:00,99
20:00 – 20:30,96
20:30 – 21:00,75
21:00 – 21:30,71
21:30 – 22:00,59
18:00 – 18:30,132
18:30 – 19:00,140
19:00 – 19:30,114
19:30 – 20:00,122
20:00 – 20:30,110
20:30 – 21:00,79
21:00 – 21:30,72
21:30 – 22:00,49
18:00 – 18:30,116
18:30 – 19:00,121
19:00 – 19:30,118
19:30 – 20:00,109
20:00 – 20:30,102
20:30 – 21:00,87
21:00 – 21:30,77
21:30 – 22:00,53
18:00 – 18:30,132
18:30 – 19:00,146
19:00 – 19:30,121
19:30 – 20:00,113
20:00 – 20:30,112
20:30 – 21:00,77
21:00 – 21:30,67
21:30 – 22:00,50
18:00 – 18:30,140
18:30 – 19:00,139
19:00 – 19:30,109
19:30 – 20:00,102
20:00 – 20:30,109
20:30 – 21:00,87
21:00 – 21:30,77
21:30 – 22:00,53
18:00 – 18:30,124
18:30 – 19:00,128
19:00 – 19:30,113
19:30 – 20:00,102
20:00 – 20:30,105
20:30 – 21:00,92
21:00 – 21:30,66
21:30 – 22:00,57
18:00 – 18:30,140
18:30 – 19:00,140
19:00 – 19:30,106
19:30 – 20:00,109
20:00 – 20:30,100
20:30 – 21:00,75
21:00 – 21:30,73
21:30 – 22:00,49
18:00 – 18:30,139
18:30 – 19:00,130
19:00 – 19:30,121
19:30 – 20:00,118
20:00 – 20:30,104
20:30 – 21:00,91
21:00 – 21:30,76
21:30 – 22:00,55
18:00 – 18:30,128
18:30 – 19:00,121
19:00 – 19:30,121
19:30 – 20:00,105
20:00 – 20:30,110
20:30 – 21:00,85
21:00 – 21:30,72
21:30 – 22:00,50
18:00 – 18:30,136
18:30 – 19:00,147
19:00 – 19:30,112
19:30 – 20:00,108
20:00 – 20:30,113
20:30 – 21:00,83
21:00 – 21:30,63
21:30 – 22:00,59
18:00 – 18:30,118
18:30 – 19:00,121
19:00 – 19:30,112
19:30 – 20:00,112
20:00 – 20:30,94
20:30 – 21:00,93
21:00 – 21:30,71
21:30 – 22:00,61
18:00 – 18:30,122
18:30 – 19:00,124
19:00 – 19:30,125
19:30 – 20:00,119
20:00 – 20:30,94
20:30 – 21:00,88
21:00 – 21:30,67
21:30 – 22:00,56
18:00 – 18:30,134
18:30 – 19:00,146
19:00 – 19:30,127
19:30 – 20:00,111
20:00 – 20:30,103
20:30 – 21:00,84
21:00 – 21:30,72
21:30 – 22:00,52
18:00 – 18:30,126
18:30 – 19:00,145
19:00 – 19:30,122
19:30 – 20:00,107
20:00 – 20:30,101
20:30 – 21:00,87
21:00 – 21:30,65
21:30 – 22:00,55
18:00 – 18:30,132
18:30 – 19:00,132
19:00 – 19:30,107
19:30 – 20:00,117
20:00 – 20:30,101
20:30 – 21:00,86
21:00 – 21:30,74
21:30 – 22:00,58
18:00 – 18:30,135
18:30 – 19:00,134
19:00 – 19:30,119
19:30 – 20:00,120
20:00 – 20:30,97
20:30 – 21:00,90
21:00 – 21:30,69
21:30 – 22:00,61
18:00 – 18:30,133
18:30 – 19:00,129
19:00 – 19:30,117
19:30 – 20:00,103
20:00 – 20:30,112
20:30 – 21:00,76
21:00 – 21:30,69
21:30 – 22:00,52
18:00 – 18:30,139
18:30 – 19:00,123
19:00 – 19:30,121
19:30 – 20:00,106
20:00 – 20:30,110
20:30 – 21:00,89
21:00 – 21:30,75
21:30 – 22:00,55
18:00 – 18:30,119
18:30 – 19:00,146
19:00 – 19:30,111
19:30 – 20:00,113
20:00 – 20:30,105
20:30 – 21:00,93
21:00 – 21:30,67
21:30 – 22:00,53
18:00 – 18:30,126
18:30 – 19:00,144
19:00 – 19:30,110
19:30 – 20:00,115
20:00 – 20:30,107
20:30 – 21:00,87
21:00 – 21:30,72
21:30 – 22:00,53
18:00 – 18:30,139
18:30 – 19:00,122
19:00 – 19:30,118
19:30 – 20:00,118
20:00 – 20:30,96
20:30 – 21:00,93
21:00 – 21:30,64
21:30 – 22:00,50
18:00 – 18:30,116
18:30 – 19:00,139
19:00 – 19:30,116
19:30 – 20:00,120
20:00 – 20:30,103
20:30 – 21:00,79
21:00 – 21:30,67
21:30 – 22:00,57
18:00 – 18:30,118
18:30 – 19:00,135
19:00 – 19:30,112
19:30 – 20:00,116
20:00 – 20:30,104
20:30 – 21:00,85
21:00 – 21:30,63
21:30 – 22:00,61
18:00 – 18:30,124
18:30 – 19:00,126
19:00 – 19:30,122
19:30 – 20:00,100
20:00 – 20:30,112
20:30 – 21:00,80
21:00 – 21:30,69
21:30 – 22:00,59
18:00 – 18:30,123
18:30 – 19:00,146
19:00 – 19:30,121
19:30 – 20:00,111
20:00 – 20:30,113
20:30 – 21:00,87
21:00 – 21:30,71
21:30 – 22:00,61
18:00 – 18:30,123
18:30 – 19:00,120
19:00 – 19:30,127
19:30 – 20:00,119
20:00 – 20:30,98
20:30 – 21:00,78
21:00 – 21:30,70
21:30 – 22:00,54
18:00 – 18:30,133
18:30 – 19:00,142
19:00 – 19:30,109
19:30 – 20:00,104
20:00 – 20:30,101
20:30 – 21:00,78
21:00 – 21:30,66
21:30 – 22:00,58
18:00 – 18:30,124
18:30 – 19:00,145
19:00 – 19:30,126
19:30 – 20:00,104
20:00 – 20:30,96
20:30 – 21:00,79
21:00 – 21:30,63
21:30 – 22:00,55
18:00 – 18:30,117
18:30 – 19:00,138
19:00 – 19:30,106
19:30 – 20:00,99
20:00 – 20:30,100
20:30 – 21:00,86
21:00 – 21:30,63
21:30 – 22:00,58
18:00 – 18:30,130
18:30 – 19:00,144
19:00 – 19:30,119
19:30 – 20:00,120
20:00 – 20:30,93
20:30 – 21:00,75
21:00 – 21:30,67
21:30 – 22:00,58
18:00 – 18:30,136
18:30 – 19:00,132
19:00 – 19:30,130
19:30 – 20:00,103
20:00 – 20:30,106
20:30 – 21:00,78
21:00 – 21:30,77
21:30 – 22:00,61
18:00 – 18:30,115
18:30 – 19:00,142
19:00 – 19:30,110
19:30 – 20:00,104
20:00 – 20:30,115
20:30 – 21:00,79
21:00 – 21:30,74
21:30 – 22:00,50
18:00 – 18:30,138
18:30 – 19:00,142
19:00 – 19:30,110
19:30 – 20:00,104
20:00 – 20:30,102
20:30 – 21:00,78
21:00 – 21:30,76
21:30 – 22:00,49
18:00 – 18:30,115
18:30 – 19:00,133
19:00 – 19:30,128
19:30 – 20:00,100
20:00 – 20:30,104
20:30 – 21:00,78
21:00 – 21:30,75
21:30 – 22:00,53