6:00 – 6:30,72
6:30 – 7:00,89
7:00 – 7:30,105
7:30 – 8:00,114
8:00 – 8:30,108
8:30 – 9:00,107
9:00 – 9:30,110
9:30 – 10:00,131
10:00 – 10:30,126
10:30 – 11:00,111
11:00 – 11:30,133
11:30 – 12:00,138
12:00 – 12:30,135
12:30 – 13:00,121
13:00 – 13:30,138
13:30 – 14:00,118
6:00 – 6:30,65
6:30 – 7:00,96
7:00 – 7:30,114
7:30 – 8:00,106
8:00 – 8:30,119
8:30 – 9:00,102
9:00 – 9:30,100
9:30 – 10:00,127
10:00 – 10:30,135
10:30 – 11:00,114
11:00 – 11:30,119
11:30 – 12:00,144
12:00 – 12:30,123
12:30 – 13:00,129
13:00 – 13:30,149
13:30 – 14:00,114
6:00 – 6:30,65
6:30 – 7:00,96
7:00 – 7:30,114
7:30 – 8:00,106
8:00 – 8:30,119
8:30 – 9:00,102
9:00 – 9:30,100
9:30 – 10:00,127
10:00 – 10:30,135
10:30 – 11:00,114
11:00 – 11:30,119
11:30 – 12:00,144
12:00 – 12:30,123
12:30 – 13:00,129
13:00 – 13:30,149
13:30 – 14:00,114
6:00 – 6:30,70
6:30 – 7:00,80
7:00 – 7:30,114
7:30 – 8:00,112
8:00 – 8:30,101
8:30 – 9:00,104
9:00 – 9:30,115
9:30 – 10:00,145
10:00 – 10:30,121
10:30 – 11:00,103
11:00 – 11:30,135
11:30 – 12:00,144
12:00 – 12:30,134
12:30 – 13:00,113
13:00 – 13:30,145
13:30 – 14:00,118
6:00 – 6:30,65
6:30 – 7:00,84
7:00 – 7:30,119
7:30 – 8:00,103
8:00 – 8:30,109
8:30 – 9:00,113
9:00 – 9:30,108
9:30 – 10:00,127
10:00 – 10:30,122
10:30 – 11:00,110
11:00 – 11:30,121
11:30 – 12:00,136
12:00 – 12:30,127
12:30 – 13:00,133
13:00 – 13:30,146
13:30 – 14:00,121
6:00 – 6:30,80
6:30 – 7:00,85
7:00 – 7:30,103
7:30 – 8:00,105
8:00 – 8:30,111
8:30 – 9:00,113
9:00 – 9:30,101
9:30 – 10:00,144
10:00 – 10:30,138
10:30 – 11:00,116
11:00 – 11:30,138
11:30 – 12:00,135
12:00 – 12:30,147
12:30 – 13:00,119
13:00 – 13:30,150
13:30 – 14:00,130
6:00 – 6:30,75
6:30 – 7:00,91
7:00 – 7:30,104
7:30 – 8:00,106
8:00 – 8:30,105
8:30 – 9:00,106
9:00 – 9:30,111
9:30 – 10:00,138
10:00 – 10:30,137
10:30 – 11:00,114
11:00 – 11:30,123
11:30 – 12:00,128
12:00 – 12:30,137
12:30 – 13:00,133
13:00 – 13:30,146
13:30 – 14:00,119
6:00 – 6:30,67
6:30 – 7:00,95
7:00 – 7:30,118
7:30 – 8:00,123
8:00 – 8:30,110
8:30 – 9:00,114
9:00 – 9:30,117
9:30 – 10:00,132
10:00 – 10:30,125
10:30 – 11:00,111
11:00 – 11:30,146
11:30 – 12:00,135
12:00 – 12:30,147
12:30 – 13:00,131
13:00 – 13:30,134
13:30 – 14:00,120
6:00 – 6:30,72
6:30 – 7:00,88
7:00 – 7:30,120
7:30 – 8:00,123
8:00 – 8:30,117
8:30 – 9:00,102
9:00 – 9:30,112
9:30 – 10:00,140
10:00 – 10:30,137
10:30 – 11:00,118
11:00 – 11:30,147
11:30 – 12:00,138
12:00 – 12:30,141
12:30 – 13:00,127
13:00 – 13:30,124
13:30 – 14:00,129
6:00 – 6:30,73
6:30 – 7:00,93
7:00 – 7:30,121
7:30 – 8:00,104
8:00 – 8:30,108
8:30 – 9:00,109
9:00 – 9:30,113
9:30 – 10:00,144
10:00 – 10:30,115
10:30 – 11:00,113
11:00 – 11:30,128
11:30 – 12:00,124
12:00 – 12:30,133
12:30 – 13:00,127
13:00 – 13:30,140
13:30 – 14:00,128
6:00 – 6:30,66
6:30 – 7:00,85
7:00 – 7:30,120
7:30 – 8:00,103
8:00 – 8:30,110
8:30 – 9:00,104
9:00 – 9:30,119
9:30 – 10:00,131
10:00 – 10:30,116
10:30 – 11:00,120
11:00 – 11:30,147
11:30 – 12:00,148
12:00 – 12:30,138
12:30 – 13:00,108
13:00 – 13:30,146
13:30 – 14:00,109
6:00 – 6:30,75
6:30 – 7:00,90
7:00 – 7:30,108
7:30 – 8:00,106
8:00 – 8:30,100
8:30 – 9:00,116
9:00 – 9:30,102
9:30 – 10:00,124
10:00 – 10:30,125
10:30 – 11:00,110
11:00 – 11:30,126
11:30 – 12:00,149
12:00 – 12:30,126
12:30 – 13:00,130
13:00 – 13:30,146
13:30 – 14:00,114
6:00 – 6:30,66
6:30 – 7:00,90
7:00 – 7:30,111
7:30 – 8:00,120
8:00 – 8:30,118
8:30 – 9:00,102
9:00 – 9:30,104
9:30 – 10:00,118
10:00 – 10:30,116
10:30 – 11:00,104
11:00 – 11:30,144
11:30 – 12:00,144
12:00 – 12:30,128
12:30 – 13:00,125
13:00 – 13:30,148
13:30 – 14:00,129
6:00 – 6:30,67
6:30 – 7:00,81
7:00 – 7:30,105
7:30 – 8:00,111
8:00 – 8:30,119
8:30 – 9:00,102
9:00 – 9:30,113
9:30 – 10:00,129
10:00 – 10:30,132
10:30 – 11:00,120
11:00 – 11:30,127
11:30 – 12:00,150
12:00 – 12:30,140
12:30 – 13:00,110
13:00 – 13:30,131
13:30 – 14:00,126
6:00 – 6:30,74
6:30 – 7:00,92
7:00 – 7:30,115
7:30 – 8:00,115
8:00 – 8:30,118
8:30 – 9:00,114
9:00 – 9:30,112
9:30 – 10:00,118
10:00 – 10:30,114
10:30 – 11:00,111
11:00 – 11:30,140
11:30 – 12:00,132
12:00 – 12:30,124
12:30 – 13:00,124
13:00 – 13:30,130
13:30 – 14:00,114
6:00 – 6:30,75
6:30 – 7:00,87
7:00 – 7:30,119
7:30 – 8:00,118
8:00 – 8:30,111
8:30 – 9:00,103
9:00 – 9:30,100
9:30 – 10:00,127
10:00 – 10:30,118
10:30 – 11:00,108
11:00 – 11:30,127
11:30 – 12:00,149
12:00 – 12:30,134
12:30 – 13:00,122
13:00 – 13:30,144
13:30 – 14:00,108
6:00 – 6:30,67
6:30 – 7:00,84
7:00 – 7:30,117
7:30 – 8:00,105
8:00 – 8:30,98
8:30 – 9:00,101
9:00 – 9:30,102
9:30 – 10:00,119
10:00 – 10:30,132
10:30 – 11:00,121
11:00 – 11:30,129
11:30 – 12:00,148
12:00 – 12:30,135
12:30 – 13:00,124
13:00 – 13:30,129
13:30 – 14:00,110
6:00 – 6:30,80
6:30 – 7:00,97
7:00 – 7:30,122
7:30 – 8:00,117
8:00 – 8:30,102
8:30 – 9:00,117
9:00 – 9:30,121
9:30 – 10:00,129
10:00 – 10:30,121
10:30 – 11:00,106
11:00 – 11:30,128
11:30 – 12:00,146
12:00 – 12:30,145
12:30 – 13:00,108
13:00 – 13:30,148
13:30 – 14:00,106
6:00 – 6:30,68
6:30 – 7:00,89
7:00 – 7:30,106
7:30 – 8:00,110
8:00 – 8:30,113
8:30 – 9:00,103
9:00 – 9:30,108
9:30 – 10:00,129
10:00 – 10:30,119
10:30 – 11:00,118
11:00 – 11:30,127
11:30 – 12:00,145
12:00 – 12:30,132
12:30 – 13:00,120
13:00 – 13:30,150
13:30 – 14:00,115
6:00 – 6:30,70
6:30 – 7:00,94
7:00 – 7:30,103
7:30 – 8:00,117
8:00 – 8:30,112
8:30 – 9:00,118
9:00 – 9:30,100
9:30 – 10:00,145
10:00 – 10:30,120
10:30 – 11:00,109
11:00 – 11:30,140
11:30 – 12:00,127
12:00 – 12:30,133
12:30 – 13:00,124
13:00 – 13:30,128
13:30 – 14:00,123
6:00 – 6:30,65
6:30 – 7:00,85
7:00 – 7:30,103
7:30 – 8:00,122
8:00 – 8:30,111
8:30 – 9:00,105
9:00 – 9:30,104
9:30 – 10:00,142
10:00 – 10:30,118
10:30 – 11:00,111
11:00 – 11:30,136
11:30 – 12:00,142
12:00 – 12:30,149
12:30 – 13:00,122
13:00 – 13:30,124
13:30 – 14:00,115
6:00 – 6:30,68
6:30 – 7:00,80
7:00 – 7:30,103
7:30 – 8:00,126
8:00 – 8:30,97
8:30 – 9:00,97
9:00 – 9:30,121
9:30 – 10:00,125
10:00 – 10:30,126
10:30 – 11:00,117
11:00 – 11:30,131
11:30 – 12:00,150
12:00 – 12:30,130
12:30 – 13:00,123
13:00 – 13:30,141
13:30 – 14:00,116
6:00 – 6:30,79
6:30 – 7:00,91
7:00 – 7:30,107
7:30 – 8:00,115
8:00 – 8:30,98
8:30 – 9:00,106
9:00 – 9:30,107
9:30 – 10:00,124
10:00 – 10:30,138
10:30 – 11:00,123
11:00 – 11:30,144
11:30 – 12:00,151
12:00 – 12:30,135
12:30 – 13:00,132
13:00 – 13:30,133
13:30 – 14:00,125
6:00 – 6:30,79
6:30 – 7:00,86
7:00 – 7:30,120
7:30 – 8:00,125
8:00 – 8:30,106
8:30 – 9:00,113
9:00 – 9:30,104
9:30 – 10:00,142
10:00 – 10:30,125
10:30 – 11:00,115
11:00 – 11:30,142
11:30 – 12:00,146
12:00 – 12:30,127
12:30 – 13:00,118
13:00 – 13:30,129
13:30 – 14:00,109
6:00 – 6:30,64
6:30 – 7:00,87
7:00 – 7:30,117
7:30 – 8:00,103
8:00 – 8:30,116
8:30 – 9:00,96
9:00 – 9:30,106
9:30 – 10:00,140
10:00 – 10:30,113
10:30 – 11:00,104
11:00 – 11:30,141
11:30 – 12:00,138
12:00 – 12:30,123
12:30 – 13:00,110
13:00 – 13:30,132
13:30 – 14:00,106
6:00 – 6:30,70
6:30 – 7:00,81
7:00 – 7:30,125
7:30 – 8:00,122
8:00 – 8:30,115
8:30 – 9:00,100
9:00 – 9:30,114
9:30 – 10:00,125
10:00 – 10:30,136
10:30 – 11:00,111
11:00 – 11:30,120
11:30 – 12:00,126
12:00 – 12:30,146
12:30 – 13:00,115
13:00 – 13:30,130
13:30 – 14:00,128
6:00 – 6:30,75
6:30 – 7:00,96
7:00 – 7:30,124
7:30 – 8:00,115
8:00 – 8:30,117
8:30 – 9:00,102
9:00 – 9:30,107
9:30 – 10:00,142
10:00 – 10:30,125
10:30 – 11:00,102
11:00 – 11:30,130
11:30 – 12:00,140
12:00 – 12:30,126
12:30 – 13:00,126
13:00 – 13:30,140
13:30 – 14:00,121
6:00 – 6:30,77
6:30 – 7:00,90
7:00 – 7:30,112
7:30 – 8:00,116
8:00 – 8:30,114
8:30 – 9:00,98
9:00 – 9:30,119
9:30 – 10:00,134
10:00 – 10:30,128
10:30 – 11:00,122
11:00 – 11:30,139
11:30 – 12:00,137
12:00 – 12:30,126
12:30 – 13:00,132
13:00 – 13:30,134
13:30 – 14:00,127
6:00 – 6:30,77
6:30 – 7:00,86
7:00 – 7:30,112
7:30 – 8:00,118
8:00 – 8:30,110
8:30 – 9:00,113
9:00 – 9:30,111
9:30 – 10:00,118
10:00 – 10:30,137
10:30 – 11:00,122
11:00 – 11:30,137
11:30 – 12:00,126
12:00 – 12:30,139
12:30 – 13:00,113
13:00 – 13:30,144
13:30 – 14:00,116
6:00 – 6:30,76
6:30 – 7:00,81
7:00 – 7:30,103
7:30 – 8:00,114
8:00 – 8:30,101
8:30 – 9:00,116
9:00 – 9:30,101
9:30 – 10:00,140
10:00 – 10:30,134
10:30 – 11:00,119
11:00 – 11:30,126
11:30 – 12:00,124
12:00 – 12:30,141
12:30 – 13:00,125
13:00 – 13:30,149
13:30 – 14:00,118
6:00 – 6:30,80
6:30 – 7:00,85
7:00 – 7:30,106
7:30 – 8:00,115
8:00 – 8:30,98
8:30 – 9:00,111
9:00 – 9:30,113
9:30 – 10:00,145
10:00 – 10:30,129
10:30 – 11:00,104
11:00 – 11:30,120
11:30 – 12:00,131
12:00 – 12:30,133
12:30 – 13:00,128
13:00 – 13:30,143
13:30 – 14:00,111
6:00 – 6:30,78
6:30 – 7:00,93
7:00 – 7:30,119
7:30 – 8:00,103
8:00 – 8:30,109
8:30 – 9:00,114
9:00 – 9:30,119
9:30 – 10:00,127
10:00 – 10:30,129
10:30 – 11:00,102
11:00 – 11:30,130
11:30 – 12:00,133
12:00 – 12:30,143
12:30 – 13:00,115
13:00 – 13:30,147
13:30 – 14:00,124
6:00 – 6:30,73
6:30 – 7:00,98
7:00 – 7:30,109
7:30 – 8:00,118
8:00 – 8:30,111
8:30 – 9:00,116
9:00 – 9:30,113
9:30 – 10:00,124
10:00 – 10:30,116
10:30 – 11:00,116
11:00 – 11:30,134
11:30 – 12:00,141
12:00 – 12:30,133
12:30 – 13:00,113
13:00 – 13:30,146
13:30 – 14:00,113
6:00 – 6:30,79
6:30 – 7:00,89
7:00 – 7:30,111
7:30 – 8:00,113
8:00 – 8:30,103
8:30 – 9:00,101
9:00 – 9:30,118
9:30 – 10:00,143
10:00 – 10:30,123
10:30 – 11:00,104
11:00 – 11:30,125
11:30 – 12:00,129
12:00 – 12:30,135
12:30 – 13:00,109
13:00 – 13:30,150
13:30 – 14:00,107
6:00 – 6:30,64
6:30 – 7:00,84
7:00 – 7:30,119
7:30 – 8:00,118
8:00 – 8:30,99
8:30 – 9:00,103
9:00 – 9:30,120
9:30 – 10:00,124
10:00 – 10:30,113
10:30 – 11:00,110
11:00 – 11:30,143
11:30 – 12:00,137
12:00 – 12:30,140
12:30 – 13:00,125
13:00 – 13:30,146
13:30 – 14:00,120
6:00 – 6:30,66
6:30 – 7:00,83
7:00 – 7:30,104
7:30 – 8:00,112
8:00 – 8:30,106
8:30 – 9:00,116
9:00 – 9:30,106
9:30 – 10:00,140
10:00 – 10:30,116
10:30 – 11:00,112
11:00 – 11:30,147
11:30 – 12:00,141
12:00 – 12:30,138
12:30 – 13:00,132
13:00 – 13:30,144
13:30 – 14:00,121
6:00 – 6:30,66
6:30 – 7:00,88
7:00 – 7:30,108
7:30 – 8:00,108
8:00 – 8:30,114
8:30 – 9:00,99
9:00 – 9:30,110
9:30 – 10:00,140
10:00 – 10:30,129
10:30 – 11:00,108
11:00 – 11:30,126
11:30 – 12:00,132
12:00 – 12:30,121
12:30 – 13:00,109
13:00 – 13:30,149
13:30 – 14:00,109
6:00 – 6:30,67
6:30 – 7:00,97
7:00 – 7:30,115
7:30 – 8:00,117
8:00 – 8:30,115
8:30 – 9:00,116
9:00 – 9:30,108
9:30 – 10:00,143
10:00 – 10:30,124
10:30 – 11:00,108
11:00 – 11:30,134
11:30 – 12:00,125
12:00 – 12:30,129
12:30 – 13:00,114
13:00 – 13:30,142
13:30 – 14:00,116
6:00 – 6:30,75
6:30 – 7:00,97
7:00 – 7:30,118
7:30 – 8:00,112
8:00 – 8:30,98
8:30 – 9:00,99
9:00 – 9:30,104
9:30 – 10:00,137
10:00 – 10:30,127
10:30 – 11:00,111
11:00 – 11:30,119
11:30 – 12:00,139
12:00 – 12:30,136
12:30 – 13:00,131
13:00 – 13:30,143
13:30 – 14:00,124
6:00 – 6:30,77
6:30 – 7:00,84
7:00 – 7:30,110
7:30 – 8:00,117
8:00 – 8:30,100
8:30 – 9:00,113
9:00 – 9:30,111
9:30 – 10:00,133
10:00 – 10:30,116
10:30 – 11:00,101
11:00 – 11:30,137
11:30 – 12:00,136
12:00 – 12:30,131
12:30 – 13:00,115
13:00 – 13:30,148
13:30 – 14:00,106
6:00 – 6:30,67
6:30 – 7:00,89
7:00 – 7:30,113
7:30 – 8:00,108
8:00 – 8:30,112
8:30 – 9:00,111
9:00 – 9:30,121
9:30 – 10:00,123
10:00 – 10:30,118
10:30 – 11:00,123
11:00 – 11:30,141
11:30 – 12:00,144
12:00 – 12:30,146
12:30 – 13:00,120
13:00 – 13:30,137
13:30 – 14:00,122
6:00 – 6:30,75
6:30 – 7:00,95
7:00 – 7:30,109
7:30 – 8:00,122
8:00 – 8:30,109
8:30 – 9:00,115
9:00 – 9:30,108
9:30 – 10:00,136
10:00 – 10:30,139
10:30 – 11:00,99
11:00 – 11:30,122
11:30 – 12:00,133
12:00 – 12:30,130
12:30 – 13:00,134
13:00 – 13:30,133
13:30 – 14:00,118
6:00 – 6:30,72
6:30 – 7:00,95
7:00 – 7:30,120
7:30 – 8:00,106
8:00 – 8:30,108
8:30 – 9:00,112
9:00 – 9:30,107
9:30 – 10:00,136
10:00 – 10:30,132
10:30 – 11:00,102
11:00 – 11:30,130
11:30 – 12:00,140
12:00 – 12:30,138
12:30 – 13:00,130
13:00 – 13:30,131
13:30 – 14:00,113
6:00 – 6:30,74
6:30 – 7:00,90
7:00 – 7:30,106
7:30 – 8:00,106
8:00 – 8:30,106
8:30 – 9:00,108
9:00 – 9:30,118
9:30 – 10:00,127
10:00 – 10:30,129
10:30 – 11:00,123
11:00 – 11:30,139
11:30 – 12:00,150
12:00 – 12:30,148
12:30 – 13:00,108
13:00 – 13:30,136
13:30 – 14:00,116
6:00 – 6:30,78
6:30 – 7:00,83
7:00 – 7:30,116
7:30 – 8:00,109
8:00 – 8:30,117
8:30 – 9:00,118
9:00 – 9:30,121
9:30 – 10:00,134
10:00 – 10:30,116
10:30 – 11:00,108
11:00 – 11:30,124
11:30 – 12:00,144
12:00 – 12:30,127
12:30 – 13:00,119
13:00 – 13:30,125
13:30 – 14:00,127
6:00 – 6:30,80
6:30 – 7:00,83
7:00 – 7:30,103
7:30 – 8:00,111
8:00 – 8:30,114
8:30 – 9:00,116
9:00 – 9:30,116
9:30 – 10:00,127
10:00 – 10:30,135
10:30 – 11:00,110
11:00 – 11:30,126
11:30 – 12:00,146
12:00 – 12:30,135
12:30 – 13:00,126
13:00 – 13:30,129
13:30 – 14:00,114
6:00 – 6:30,78
6:30 – 7:00,94
7:00 – 7:30,117
7:30 – 8:00,121
8:00 – 8:30,114
8:30 – 9:00,110
9:00 – 9:30,107
9:30 – 10:00,141
10:00 – 10:30,139
10:30 – 11:00,113
11:00 – 11:30,135
11:30 – 12:00,130
12:00 – 12:30,121
12:30 – 13:00,124
13:00 – 13:30,125
13:30 – 14:00,130
6:00 – 6:30,77
6:30 – 7:00,81
7:00 – 7:30,111
7:30 – 8:00,115
8:00 – 8:30,118
8:30 – 9:00,99
9:00 – 9:30,119
9:30 – 10:00,140
10:00 – 10:30,130
10:30 – 11:00,103
11:00 – 11:30,136
11:30 – 12:00,128
12:00 – 12:30,145
12:30 – 13:00,129
13:00 – 13:30,138
13:30 – 14:00,124
6:00 – 6:30,73
6:30 – 7:00,82
7:00 – 7:30,114
7:30 – 8:00,110
8:00 – 8:30,114
8:30 – 9:00,116
9:00 – 9:30,103
9:30 – 10:00,138
10:00 – 10:30,125
10:30 – 11:00,118
11:00 – 11:30,147
11:30 – 12:00,137
12:00 – 12:30,132
12:30 – 13:00,108
13:00 – 13:30,136
13:30 – 14:00,110
6:00 – 6:30,65
6:30 – 7:00,95
7:00 – 7:30,119
7:30 – 8:00,103
8:00 – 8:30,97
8:30 – 9:00,110
9:00 – 9:30,118
9:30 – 10:00,135
10:00 – 10:30,134
10:30 – 11:00,110
11:00 – 11:30,142
11:30 – 12:00,143
12:00 – 12:30,127
12:30 – 13:00,115
13:00 – 13:30,135
13:30 – 14:00,126
6:00 – 6:30,71
6:30 – 7:00,96
7:00 – 7:30,106
7:30 – 8:00,106
8:00 – 8:30,114
8:30 – 9:00,103
9:00 – 9:30,120
9:30 – 10:00,123
10:00 – 10:30,115
10:30 – 11:00,121
11:00 – 11:30,138
11:30 – 12:00,137
12:00 – 12:30,147
12:30 – 13:00,110
13:00 – 13:30,142
13:30 – 14:00,106
6:00 – 6:30,79
6:30 – 7:00,87
7:00 – 7:30,104
7:30 – 8:00,125
8:00 – 8:30,97
8:30 – 9:00,117
9:00 – 9:30,112
9:30 – 10:00,141
10:00 – 10:30,123
10:30 – 11:00,108
11:00 – 11:30,133
11:30 – 12:00,142
12:00 – 12:30,140
12:30 – 13:00,132
13:00 – 13:30,136
13:30 – 14:00,107
6:00 – 6:30,77
6:30 – 7:00,90
7:00 – 7:30,108
7:30 – 8:00,115
8:00 – 8:30,117
8:30 – 9:00,99
9:00 – 9:30,116
9:30 – 10:00,145
10:00 – 10:30,114
10:30 – 11:00,109
11:00 – 11:30,131
11:30 – 12:00,152
12:00 – 12:30,136
12:30 – 13:00,110
13:00 – 13:30,124
13:30 – 14:00,117
6:00 – 6:30,71
6:30 – 7:00,82
7:00 – 7:30,111
7:30 – 8:00,114
8:00 – 8:30,98
8:30 – 9:00,118
9:00 – 9:30,106
9:30 – 10:00,129
10:00 – 10:30,122
10:30 – 11:00,120
11:00 – 11:30,121
11:30 – 12:00,152
12:00 – 12:30,142
12:30 – 13:00,121
13:00 – 13:30,125
13:30 – 14:00,119
6:00 – 6:30,65
6:30 – 7:00,85
7:00 – 7:30,105
7:30 – 8:00,126
8:00 – 8:30,107
8:30 – 9:00,115
9:00 – 9:30,121
9:30 – 10:00,132
10:00 – 10:30,120
10:30 – 11:00,108
11:00 – 11:30,134
11:30 – 12:00,147
12:00 – 12:30,134
12:30 – 13:00,123
13:00 – 13:30,131
13:30 – 14:00,129
6:00 – 6:30,75
6:30 – 7:00,92
7:00 – 7:30,113
7:30 – 8:00,120
8:00 – 8:30,110
8:30 – 9:00,113
9:00 – 9:30,102
9:30 – 10:00,144
10:00 – 10:30,129
10:30 – 11:00,104
11:00 – 11:30,145
11:30 – 12:00,134
12:00 – 12:30,142
12:30 – 13:00,134
13:00 – 13:30,150
13:30 – 14:00,126
6:00 – 6:30,68
6:30 – 7:00,80
7:00 – 7:30,121
7:30 – 8:00,121
8:00 – 8:30,116
8:30 – 9:00,113
9:00 – 9:30,106
9:30 – 10:00,121
10:00 – 10:30,117
10:30 – 11:00,120
11:00 – 11:30,146
11:30 – 12:00,142
12:00 – 12:30,133
12:30 – 13:00,113
13:00 – 13:30,141
13:30 – 14:00,108
6:00 – 6:30,78
6:30 – 7:00,80
7:00 – 7:30,121
7:30 – 8:00,112
8:00 – 8:30,115
8:30 – 9:00,118
9:00 – 9:30,107
9:30 – 10:00,129
10:00 – 10:30,118
10:30 – 11:00,106
11:00 – 11:30,142
11:30 – 12:00,151
12:00 – 12:30,129
12:30 – 13:00,127
13:00 – 13:30,146
13:30 – 14:00,120
6:00 – 6:30,76
6:30 – 7:00,91
7:00 – 7:30,110
7:30 – 8:00,116
8:00 – 8:30,105
8:30 – 9:00,111
9:00 – 9:30,115
9:30 – 10:00,132
10:00 – 10:30,126
10:30 – 11:00,115
11:00 – 11:30,124
11:30 – 12:00,150
12:00 – 12:30,146
12:30 – 13:00,129
13:00 – 13:30,124
13:30 – 14:00,123
6:00 – 6:30,78
6:30 – 7:00,95
7:00 – 7:30,106
7:30 – 8:00,118
8:00 – 8:30,115
8:30 – 9:00,107
9:00 – 9:30,101
9:30 – 10:00,145
10:00 – 10:30,134
10:30 – 11:00,121
11:00 – 11:30,146
11:30 – 12:00,126
12:00 – 12:30,138
12:30 – 13:00,127
13:00 – 13:30,143
13:30 – 14:00,114
6:00 – 6:30,69
6:30 – 7:00,80
7:00 – 7:30,123
7:30 – 8:00,119
8:00 – 8:30,112
8:30 – 9:00,110
9:00 – 9:30,104
9:30 – 10:00,122
10:00 – 10:30,120
10:30 – 11:00,109
11:00 – 11:30,122
11:30 – 12:00,128
12:00 – 12:30,127
12:30 – 13:00,111
13:00 – 13:30,148
13:30 – 14:00,107
6:00 – 6:30,80
6:30 – 7:00,98
7:00 – 7:30,119
7:30 – 8:00,120
8:00 – 8:30,108
8:30 – 9:00,114
9:00 – 9:30,116
9:30 – 10:00,125
10:00 – 10:30,132
10:30 – 11:00,116
11:00 – 11:30,129
11:30 – 12:00,133
12:00 – 12:30,133
12:30 – 13:00,108
13:00 – 13:30,143
13:30 – 14:00,124
6:00 – 6:30,64
6:30 – 7:00,91
7:00 – 7:30,112
7:30 – 8:00,119
8:00 – 8:30,101
8:30 – 9:00,111
9:00 – 9:30,118
9:30 – 10:00,131
10:00 – 10:30,115
10:30 – 11:00,123
11:00 – 11:30,138
11:30 – 12:00,133
12:00 – 12:30,123
12:30 – 13:00,122
13:00 – 13:30,134
13:30 – 14:00,106
6:00 – 6:30,72
6:30 – 7:00,81
7:00 – 7:30,120
7:30 – 8:00,102
8:00 – 8:30,117
8:30 – 9:00,108
9:00 – 9:30,106
9:30 – 10:00,135
10:00 – 10:30,118
10:30 – 11:00,115
11:00 – 11:30,147
11:30 – 12:00,142
12:00 – 12:30,141
12:30 – 13:00,125
13:00 – 13:30,134
13:30 – 14:00,124
