6:00 – 6:30,73
6:30 – 7:00,96
7:00 – 7:30,127
7:30 – 8:00,149
8:00 – 8:30,170
8:30 – 9:00,158
9:00 – 9:30,153
9:30 – 10:00,156
10:00 – 10:30,237
10:30 – 11:00,202
11:00 – 11:30,159
11:30 – 12:00,167
12:00 – 12:30,180
12:30 – 13:00,186
13:00 – 13:30,179
13:30 – 14:00,186
6:00 – 6:30,73
6:30 – 7:00,92
7:00 – 7:30,159
7:30 – 8:00,150
8:00 – 8:30,179
8:30 – 9:00,143
9:00 – 9:30,151
9:30 – 10:00,159
10:00 – 10:30,257
10:30 – 11:00,204
11:00 – 11:30,152
11:30 – 12:00,175
12:00 – 12:30,178
12:30 – 13:00,201
13:00 – 13:30,184
13:30 – 14:00,185
6:00 – 6:30,77
6:30 – 7:00,104
7:00 – 7:30,160
7:30 – 8:00,156
8:00 – 8:30,161
8:30 – 9:00,143
9:00 – 9:30,163
9:30 – 10:00,172
10:00 – 10:30,261
10:30 – 11:00,196
11:00 – 11:30,144
11:30 – 12:00,179
12:00 – 12:30,185
12:30 – 13:00,201
13:00 – 13:30,181
13:30 – 14:00,173
6:00 – 6:30,67
6:30 – 7:00,94
7:00 – 7:30,154
7:30 – 8:00,162
8:00 – 8:30,168
8:30 – 9:00,145
9:00 – 9:30,154
9:30 – 10:00,152
10:00 – 10:30,244
10:30 – 11:00,216
11:00 – 11:30,146
11:30 – 12:00,152
12:00 – 12:30,187
12:30 – 13:00,195
13:00 – 13:30,182
13:30 – 14:00,184
6:00 – 6:30,75
6:30 – 7:00,95
7:00 – 7:30,140
7:30 – 8:00,160
8:00 – 8:30,171
8:30 – 9:00,174
9:00 – 9:30,164
9:30 – 10:00,157
10:00 – 10:30,229
10:30 – 11:00,218
11:00 – 11:30,155
11:30 – 12:00,184
12:00 – 12:30,190
12:30 – 13:00,202
13:00 – 13:30,166
13:30 – 14:00,203
6:00 – 6:30,70
6:30 – 7:00,103
7:00 – 7:30,158
7:30 – 8:00,157
8:00 – 8:30,186
8:30 – 9:00,154
9:00 – 9:30,141
9:30 – 10:00,160
10:00 – 10:30,221
10:30 – 11:00,191
11:00 – 11:30,165
11:30 – 12:00,180
12:00 – 12:30,198
12:30 – 13:00,177
13:00 – 13:30,173
13:30 – 14:00,189
6:00 – 6:30,77
6:30 – 7:00,96
7:00 – 7:30,148
7:30 – 8:00,142
8:00 – 8:30,170
8:30 – 9:00,151
9:00 – 9:30,163
9:30 – 10:00,167
10:00 – 10:30,221
10:30 – 11:00,187
11:00 – 11:30,169
11:30 – 12:00,182
12:00 – 12:30,164
12:30 – 13:00,204
13:00 – 13:30,192
13:30 – 14:00,182
6:00 – 6:30,78
6:30 – 7:00,100
7:00 – 7:30,140
7:30 – 8:00,157
8:00 – 8:30,155
8:30 – 9:00,152
9:00 – 9:30,149
9:30 – 10:00,147
10:00 – 10:30,240
10:30 – 11:00,183
11:00 – 11:30,147
11:30 – 12:00,168
12:00 – 12:30,174
12:30 – 13:00,184
13:00 – 13:30,165
13:30 – 14:00,169
6:00 – 6:30,81
6:30 – 7:00,97
7:00 – 7:30,145
7:30 – 8:00,147
8:00 – 8:30,182
8:30 – 9:00,146
9:00 – 9:30,145
9:30 – 10:00,140
10:00 – 10:30,227
10:30 – 11:00,184
11:00 – 11:30,173
11:30 – 12:00,162
12:00 – 12:30,163
12:30 – 13:00,197
13:00 – 13:30,189
13:30 – 14:00,200
6:00 – 6:30,73
6:30 – 7:00,105
7:00 – 7:30,152
7:30 – 8:00,150
8:00 – 8:30,161
8:30 – 9:00,174
9:00 – 9:30,162
9:30 – 10:00,166
10:00 – 10:30,215
10:30 – 11:00,220
11:00 – 11:30,153
11:30 – 12:00,163
12:00 – 12:30,175
12:30 – 13:00,184
13:00 – 13:30,177
13:30 – 14:00,179
6:00 – 6:30,81
6:30 – 7:00,102
7:00 – 7:30,156
7:30 – 8:00,160
8:00 – 8:30,185
8:30 – 9:00,142
9:00 – 9:30,165
9:30 – 10:00,146
10:00 – 10:30,217
10:30 – 11:00,215
11:00 – 11:30,161
11:30 – 12:00,154
12:00 – 12:30,183
12:30 – 13:00,180
13:00 – 13:30,197
13:30 – 14:00,169
6:00 – 6:30,69
6:30 – 7:00,98
7:00 – 7:30,152
7:30 – 8:00,150
8:00 – 8:30,173
8:30 – 9:00,155
9:00 – 9:30,147
9:30 – 10:00,161
10:00 – 10:30,227
10:30 – 11:00,208
11:00 – 11:30,143
11:30 – 12:00,173
12:00 – 12:30,164
12:30 – 13:00,185
13:00 – 13:30,196
13:30 – 14:00,169
6:00 – 6:30,69
6:30 – 7:00,101
7:00 – 7:30,160
7:30 – 8:00,139
8:00 – 8:30,178
8:30 – 9:00,167
9:00 – 9:30,149
9:30 – 10:00,167
10:00 – 10:30,240
10:30 – 11:00,222
11:00 – 11:30,174
11:30 – 12:00,154
12:00 – 12:30,172
12:30 – 13:00,203
13:00 – 13:30,168
13:30 – 14:00,188
6:00 – 6:30,74
6:30 – 7:00,103
7:00 – 7:30,138
7:30 – 8:00,137
8:00 – 8:30,160
8:30 – 9:00,155
9:00 – 9:30,162
9:30 – 10:00,156
10:00 – 10:30,215
10:30 – 11:00,214
11:00 – 11:30,148
11:30 – 12:00,154
12:00 – 12:30,171
12:30 – 13:00,172
13:00 – 13:30,168
13:30 – 14:00,187
6:00 – 6:30,79
6:30 – 7:00,88
7:00 – 7:30,154
7:30 – 8:00,152
8:00 – 8:30,183
8:30 – 9:00,144
9:00 – 9:30,151
9:30 – 10:00,154
10:00 – 10:30,214
10:30 – 11:00,198
11:00 – 11:30,162
11:30 – 12:00,161
12:00 – 12:30,174
12:30 – 13:00,197
13:00 – 13:30,193
13:30 – 14:00,201
6:00 – 6:30,75
6:30 – 7:00,106
7:00 – 7:30,136
7:30 – 8:00,159
8:00 – 8:30,166
8:30 – 9:00,167
9:00 – 9:30,147
9:30 – 10:00,153
10:00 – 10:30,239
10:30 – 11:00,201
11:00 – 11:30,160
11:30 – 12:00,178
12:00 – 12:30,185
12:30 – 13:00,195
13:00 – 13:30,172
13:30 – 14:00,186
6:00 – 6:30,79
6:30 – 7:00,86
7:00 – 7:30,138
7:30 – 8:00,156
8:00 – 8:30,156
8:30 – 9:00,159
9:00 – 9:30,143
9:30 – 10:00,144
10:00 – 10:30,259
10:30 – 11:00,214
11:00 – 11:30,157
11:30 – 12:00,160
12:00 – 12:30,183
12:30 – 13:00,180
13:00 – 13:30,167
13:30 – 14:00,173
6:00 – 6:30,70
6:30 – 7:00,90
7:00 – 7:30,162
7:30 – 8:00,155
8:00 – 8:30,186
8:30 – 9:00,151
9:00 – 9:30,140
9:30 – 10:00,156
10:00 – 10:30,251
10:30 – 11:00,208
11:00 – 11:30,153
11:30 – 12:00,164
12:00 – 12:30,175
12:30 – 13:00,191
13:00 – 13:30,194
13:30 – 14:00,175
6:00 – 6:30,76
6:30 – 7:00,86
7:00 – 7:30,161
7:30 – 8:00,157
8:00 – 8:30,172
8:30 – 9:00,146
9:00 – 9:30,165
9:30 – 10:00,156
10:00 – 10:30,257
10:30 – 11:00,194
11:00 – 11:30,169
11:30 – 12:00,166
12:00 – 12:30,186
12:30 – 13:00,205
13:00 – 13:30,185
13:30 – 14:00,204
6:00 – 6:30,68
6:30 – 7:00,99
7:00 – 7:30,153
7:30 – 8:00,138
8:00 – 8:30,185
8:30 – 9:00,166
9:00 – 9:30,158
9:30 – 10:00,163
10:00 – 10:30,231
10:30 – 11:00,223
11:00 – 11:30,146
11:30 – 12:00,176
12:00 – 12:30,184
12:30 – 13:00,168
13:00 – 13:30,196
13:30 – 14:00,177
6:00 – 6:30,65
6:30 – 7:00,105
7:00 – 7:30,136
7:30 – 8:00,152
8:00 – 8:30,155
8:30 – 9:00,171
9:00 – 9:30,139
9:30 – 10:00,172
10:00 – 10:30,223
10:30 – 11:00,219
11:00 – 11:30,158
11:30 – 12:00,180
12:00 – 12:30,194
12:30 – 13:00,172
13:00 – 13:30,191
13:30 – 14:00,168
6:00 – 6:30,77
6:30 – 7:00,95
7:00 – 7:30,141
7:30 – 8:00,155
8:00 – 8:30,160
8:30 – 9:00,170
9:00 – 9:30,150
9:30 – 10:00,159
10:00 – 10:30,254
10:30 – 11:00,203
11:00 – 11:30,154
11:30 – 12:00,166
12:00 – 12:30,182
12:30 – 13:00,179
13:00 – 13:30,188
13:30 – 14:00,189
6:00 – 6:30,69
6:30 – 7:00,101
7:00 – 7:30,140
7:30 – 8:00,143
8:00 – 8:30,175
8:30 – 9:00,150
9:00 – 9:30,147
9:30 – 10:00,168
10:00 – 10:30,220
10:30 – 11:00,214
11:00 – 11:30,167
11:30 – 12:00,150
12:00 – 12:30,195
12:30 – 13:00,189
13:00 – 13:30,163
13:30 – 14:00,193
6:00 – 6:30,65
6:30 – 7:00,91
7:00 – 7:30,145
7:30 – 8:00,141
8:00 – 8:30,157
8:30 – 9:00,167
9:00 – 9:30,164
9:30 – 10:00,171
10:00 – 10:30,227
10:30 – 11:00,188
11:00 – 11:30,156
11:30 – 12:00,179
12:00 – 12:30,180
12:30 – 13:00,172
13:00 – 13:30,176
13:30 – 14:00,195
6:00 – 6:30,80
6:30 – 7:00,98
7:00 – 7:30,137
7:30 – 8:00,151
8:00 – 8:30,182
8:30 – 9:00,153
9:00 – 9:30,150
9:30 – 10:00,140
10:00 – 10:30,219
10:30 – 11:00,187
11:00 – 11:30,143
11:30 – 12:00,151
12:00 – 12:30,188
12:30 – 13:00,170
13:00 – 13:30,187
13:30 – 14:00,196
6:00 – 6:30,70
6:30 – 7:00,87
7:00 – 7:30,136
7:30 – 8:00,148
8:00 – 8:30,183
8:30 – 9:00,170
9:00 – 9:30,150
9:30 – 10:00,144
10:00 – 10:30,214
10:30 – 11:00,216
11:00 – 11:30,175
11:30 – 12:00,168
12:00 – 12:30,198
12:30 – 13:00,182
13:00 – 13:30,170
13:30 – 14:00,201
6:00 – 6:30,65
6:30 – 7:00,92
7:00 – 7:30,147
7:30 – 8:00,160
8:00 – 8:30,176
8:30 – 9:00,170
9:00 – 9:30,165
9:30 – 10:00,166
10:00 – 10:30,213
10:30 – 11:00,218
11:00 – 11:30,171
11:30 – 12:00,175
12:00 – 12:30,197
12:30 – 13:00,189
13:00 – 13:30,178
13:30 – 14:00,178
6:00 – 6:30,76
6:30 – 7:00,96
7:00 – 7:30,156
7:30 – 8:00,150
8:00 – 8:30,165
8:30 – 9:00,147
9:00 – 9:30,159
9:30 – 10:00,152
10:00 – 10:30,213
10:30 – 11:00,209
11:00 – 11:30,173
11:30 – 12:00,184
12:00 – 12:30,165
12:30 – 13:00,174
13:00 – 13:30,193
13:30 – 14:00,170
6:00 – 6:30,73
6:30 – 7:00,92
7:00 – 7:30,161
7:30 – 8:00,139
8:00 – 8:30,158
8:30 – 9:00,168
9:00 – 9:30,169
9:30 – 10:00,145
10:00 – 10:30,246
10:30 – 11:00,218
11:00 – 11:30,172
11:30 – 12:00,172
12:00 – 12:30,178
12:30 – 13:00,181
13:00 – 13:30,196
13:30 – 14:00,171
6:00 – 6:30,79
6:30 – 7:00,100
7:00 – 7:30,153
7:30 – 8:00,140
8:00 – 8:30,183
8:30 – 9:00,153
9:00 – 9:30,157
9:30 – 10:00,169
10:00 – 10:30,213
10:30 – 11:00,204
11:00 – 11:30,172
11:30 – 12:00,153
12:00 – 12:30,188
12:30 – 13:00,196
13:00 – 13:30,167
13:30 – 14:00,175
6:00 – 6:30,66
6:30 – 7:00,88
7:00 – 7:30,147
7:30 – 8:00,141
8:00 – 8:30,186
8:30 – 9:00,155
9:00 – 9:30,150
9:30 – 10:00,160
10:00 – 10:30,226
10:30 – 11:00,193
11:00 – 11:30,152
11:30 – 12:00,175
12:00 – 12:30,186
12:30 – 13:00,175
13:00 – 13:30,192
13:30 – 14:00,187
6:00 – 6:30,80
6:30 – 7:00,96
7:00 – 7:30,156
7:30 – 8:00,159
8:00 – 8:30,182
8:30 – 9:00,154
9:00 – 9:30,160
9:30 – 10:00,168
10:00 – 10:30,257
10:30 – 11:00,206
11:00 – 11:30,175
11:30 – 12:00,172
12:00 – 12:30,174
12:30 – 13:00,173
13:00 – 13:30,192
13:30 – 14:00,182
6:00 – 6:30,69
6:30 – 7:00,91
7:00 – 7:30,153
7:30 – 8:00,141
8:00 – 8:30,176
8:30 – 9:00,143
9:00 – 9:30,165
9:30 – 10:00,171
10:00 – 10:30,229
10:30 – 11:00,187
11:00 – 11:30,165
11:30 – 12:00,184
12:00 – 12:30,176
12:30 – 13:00,187
13:00 – 13:30,180
13:30 – 14:00,179
6:00 – 6:30,65
6:30 – 7:00,92
7:00 – 7:30,139
7:30 – 8:00,161
8:00 – 8:30,176
8:30 – 9:00,169
9:00 – 9:30,161
9:30 – 10:00,158
10:00 – 10:30,233
10:30 – 11:00,212
11:00 – 11:30,149
11:30 – 12:00,176
12:00 – 12:30,194
12:30 – 13:00,169
13:00 – 13:30,167
13:30 – 14:00,173
6:00 – 6:30,70
6:30 – 7:00,103
7:00 – 7:30,147
7:30 – 8:00,134
8:00 – 8:30,183
8:30 – 9:00,151
9:00 – 9:30,168
9:30 – 10:00,146
10:00 – 10:30,234
10:30 – 11:00,208
11:00 – 11:30,149
11:30 – 12:00,178
12:00 – 12:30,167
12:30 – 13:00,194
13:00 – 13:30,165
13:30 – 14:00,174
6:00 – 6:30,65
6:30 – 7:00,91
7:00 – 7:30,137
7:30 – 8:00,154
8:00 – 8:30,156
8:30 – 9:00,168
9:00 – 9:30,144
9:30 – 10:00,157
10:00 – 10:30,239
10:30 – 11:00,199
11:00 – 11:30,152
11:30 – 12:00,164
12:00 – 12:30,179
12:30 – 13:00,185
13:00 – 13:30,182
13:30 – 14:00,198
6:00 – 6:30,69
6:30 – 7:00,86
7:00 – 7:30,157
7:30 – 8:00,138
8:00 – 8:30,162
8:30 – 9:00,167
9:00 – 9:30,147
9:30 – 10:00,163
10:00 – 10:30,232
10:30 – 11:00,203
11:00 – 11:30,160
11:30 – 12:00,169
12:00 – 12:30,170
12:30 – 13:00,192
13:00 – 13:30,188
13:30 – 14:00,176
6:00 – 6:30,80
6:30 – 7:00,102
7:00 – 7:30,160
7:30 – 8:00,164
8:00 – 8:30,174
8:30 – 9:00,146
9:00 – 9:30,153
9:30 – 10:00,145
10:00 – 10:30,240
10:30 – 11:00,215
11:00 – 11:30,162
11:30 – 12:00,151
12:00 – 12:30,171
12:30 – 13:00,173
13:00 – 13:30,192
13:30 – 14:00,187
6:00 – 6:30,68
6:30 – 7:00,99
7:00 – 7:30,154
7:30 – 8:00,148
8:00 – 8:30,168
8:30 – 9:00,142
9:00 – 9:30,142
9:30 – 10:00,167
10:00 – 10:30,238
10:30 – 11:00,210
11:00 – 11:30,156
11:30 – 12:00,176
12:00 – 12:30,174
12:30 – 13:00,172
13:00 – 13:30,197
13:30 – 14:00,175
6:00 – 6:30,81
6:30 – 7:00,104
7:00 – 7:30,141
7:30 – 8:00,151
8:00 – 8:30,153
8:30 – 9:00,165
9:00 – 9:30,161
9:30 – 10:00,159
10:00 – 10:30,237
10:30 – 11:00,194
11:00 – 11:30,163
11:30 – 12:00,176
12:00 – 12:30,180
12:30 – 13:00,185
13:00 – 13:30,172
13:30 – 14:00,192
6:00 – 6:30,67
6:30 – 7:00,106
7:00 – 7:30,139
7:30 – 8:00,151
8:00 – 8:30,187
8:30 – 9:00,151
9:00 – 9:30,150
9:30 – 10:00,156
10:00 – 10:30,260
10:30 – 11:00,216
11:00 – 11:30,151
11:30 – 12:00,160
12:00 – 12:30,197
12:30 – 13:00,176
13:00 – 13:30,180
13:30 – 14:00,202
6:00 – 6:30,67
6:30 – 7:00,101
7:00 – 7:30,149
7:30 – 8:00,138
8:00 – 8:30,169
8:30 – 9:00,149
9:00 – 9:30,161
9:30 – 10:00,171
10:00 – 10:30,239
10:30 – 11:00,196
11:00 – 11:30,167
11:30 – 12:00,150
12:00 – 12:30,193
12:30 – 13:00,168
13:00 – 13:30,186
13:30 – 14:00,204
6:00 – 6:30,65
6:30 – 7:00,103
7:00 – 7:30,150
7:30 – 8:00,164
8:00 – 8:30,156
8:30 – 9:00,173
9:00 – 9:30,152
9:30 – 10:00,142
10:00 – 10:30,250
10:30 – 11:00,212
11:00 – 11:30,155
11:30 – 12:00,175
12:00 – 12:30,197
12:30 – 13:00,202
13:00 – 13:30,185
13:30 – 14:00,171
6:00 – 6:30,76
6:30 – 7:00,89
7:00 – 7:30,143
7:30 – 8:00,137
8:00 – 8:30,165
8:30 – 9:00,142
9:00 – 9:30,139
9:30 – 10:00,169
10:00 – 10:30,231
10:30 – 11:00,216
11:00 – 11:30,173
11:30 – 12:00,157
12:00 – 12:30,193
12:30 – 13:00,190
13:00 – 13:30,167
13:30 – 14:00,200
6:00 – 6:30,72
6:30 – 7:00,101
7:00 – 7:30,158
7:30 – 8:00,150
8:00 – 8:30,176
8:30 – 9:00,152
9:00 – 9:30,157
9:30 – 10:00,155
10:00 – 10:30,214
10:30 – 11:00,181
11:00 – 11:30,149
11:30 – 12:00,150
12:00 – 12:30,196
12:30 – 13:00,200
13:00 – 13:30,165
13:30 – 14:00,189
6:00 – 6:30,65
6:30 – 7:00,93
7:00 – 7:30,155
7:30 – 8:00,145
8:00 – 8:30,166
8:30 – 9:00,168
9:00 – 9:30,146
9:30 – 10:00,164
10:00 – 10:30,243
10:30 – 11:00,189
11:00 – 11:30,174
11:30 – 12:00,166
12:00 – 12:30,191
12:30 – 13:00,172
13:00 – 13:30,172
13:30 – 14:00,175
6:00 – 6:30,79
6:30 – 7:00,89
7:00 – 7:30,156
7:30 – 8:00,150
8:00 – 8:30,169
8:30 – 9:00,153
9:00 – 9:30,137
9:30 – 10:00,156
10:00 – 10:30,230
10:30 – 11:00,189
11:00 – 11:30,159
11:30 – 12:00,159
12:00 – 12:30,164
12:30 – 13:00,191
13:00 – 13:30,193
13:30 – 14:00,169
6:00 – 6:30,65
6:30 – 7:00,98
7:00 – 7:30,147
7:30 – 8:00,146
8:00 – 8:30,166
8:30 – 9:00,165
9:00 – 9:30,141
9:30 – 10:00,172
10:00 – 10:30,257
10:30 – 11:00,185
11:00 – 11:30,158
11:30 – 12:00,174
12:00 – 12:30,170
12:30 – 13:00,197
13:00 – 13:30,195
13:30 – 14:00,171
6:00 – 6:30,80
6:30 – 7:00,100
7:00 – 7:30,153
7:30 – 8:00,145
8:00 – 8:30,154
8:30 – 9:00,163
9:00 – 9:30,166
9:30 – 10:00,153
10:00 – 10:30,255
10:30 – 11:00,197
11:00 – 11:30,165
11:30 – 12:00,182
12:00 – 12:30,162
12:30 – 13:00,188
13:00 – 13:30,197
13:30 – 14:00,168
6:00 – 6:30,67
6:30 – 7:00,94
7:00 – 7:30,147
7:30 – 8:00,149
8:00 – 8:30,157
8:30 – 9:00,160
9:00 – 9:30,153
9:30 – 10:00,141
10:00 – 10:30,244
10:30 – 11:00,222
11:00 – 11:30,167
11:30 – 12:00,181
12:00 – 12:30,188
12:30 – 13:00,193
13:00 – 13:30,197
13:30 – 14:00,192
6:00 – 6:30,71
6:30 – 7:00,99
7:00 – 7:30,136
7:30 – 8:00,146
8:00 – 8:30,163
8:30 – 9:00,172
9:00 – 9:30,163
9:30 – 10:00,145
10:00 – 10:30,228
10:30 – 11:00,202
11:00 – 11:30,145
11:30 – 12:00,161
12:00 – 12:30,164
12:30 – 13:00,169
13:00 – 13:30,174
13:30 – 14:00,174
6:00 – 6:30,72
6:30 – 7:00,102
7:00 – 7:30,155
7:30 – 8:00,152
8:00 – 8:30,164
8:30 – 9:00,148
9:00 – 9:30,157
9:30 – 10:00,172
10:00 – 10:30,220
10:30 – 11:00,196
11:00 – 11:30,171
11:30 – 12:00,181
12:00 – 12:30,163
12:30 – 13:00,200
13:00 – 13:30,180
13:30 – 14:00,182
6:00 – 6:30,73
6:30 – 7:00,97
7:00 – 7:30,157
7:30 – 8:00,158
8:00 – 8:30,169
8:30 – 9:00,162
9:00 – 9:30,168
9:30 – 10:00,166
10:00 – 10:30,219
10:30 – 11:00,182
11:00 – 11:30,146
11:30 – 12:00,156
12:00 – 12:30,165
12:30 – 13:00,185
13:00 – 13:30,175
13:30 – 14:00,188
6:00 – 6:30,69
6:30 – 7:00,87
7:00 – 7:30,139
7:30 – 8:00,151
8:00 – 8:30,163
8:30 – 9:00,167
9:00 – 9:30,154
9:30 – 10:00,154
10:00 – 10:30,219
10:30 – 11:00,198
11:00 – 11:30,154
11:30 – 12:00,156
12:00 – 12:30,171
12:30 – 13:00,200
13:00 – 13:30,182
13:30 – 14:00,196
6:00 – 6:30,72
6:30 – 7:00,94
7:00 – 7:30,151
7:30 – 8:00,162
8:00 – 8:30,153
8:30 – 9:00,159
9:00 – 9:30,160
9:30 – 10:00,145
10:00 – 10:30,241
10:30 – 11:00,216
11:00 – 11:30,154
11:30 – 12:00,173
12:00 – 12:30,173
12:30 – 13:00,195
13:00 – 13:30,169
13:30 – 14:00,188
6:00 – 6:30,78
6:30 – 7:00,93
7:00 – 7:30,138
7:30 – 8:00,137
8:00 – 8:30,158
8:30 – 9:00,163
9:00 – 9:30,155
9:30 – 10:00,149
10:00 – 10:30,215
10:30 – 11:00,219
11:00 – 11:30,158
11:30 – 12:00,160
12:00 – 12:30,190
12:30 – 13:00,168
13:00 – 13:30,163
13:30 – 14:00,174
6:00 – 6:30,72
6:30 – 7:00,99
7:00 – 7:30,139
7:30 – 8:00,148
8:00 – 8:30,159
8:30 – 9:00,169
9:00 – 9:30,157
9:30 – 10:00,165
10:00 – 10:30,245
10:30 – 11:00,222
11:00 – 11:30,157
11:30 – 12:00,183
12:00 – 12:30,187
12:30 – 13:00,192
13:00 – 13:30,179
13:30 – 14:00,186
6:00 – 6:30,65
6:30 – 7:00,98
7:00 – 7:30,152
7:30 – 8:00,139
8:00 – 8:30,161
8:30 – 9:00,147
9:00 – 9:30,151
9:30 – 10:00,149
10:00 – 10:30,215
10:30 – 11:00,220
11:00 – 11:30,163
11:30 – 12:00,178
12:00 – 12:30,197
12:30 – 13:00,193
13:00 – 13:30,161
13:30 – 14:00,182
6:00 – 6:30,70
6:30 – 7:00,88
7:00 – 7:30,159
7:30 – 8:00,149
8:00 – 8:30,186
8:30 – 9:00,158
9:00 – 9:30,146
9:30 – 10:00,160
10:00 – 10:30,235
10:30 – 11:00,211
11:00 – 11:30,161
11:30 – 12:00,155
12:00 – 12:30,175
12:30 – 13:00,169
13:00 – 13:30,185
13:30 – 14:00,182
6:00 – 6:30,76
6:30 – 7:00,91
7:00 – 7:30,151
7:30 – 8:00,162
8:00 – 8:30,168
8:30 – 9:00,142
9:00 – 9:30,144
9:30 – 10:00,156
10:00 – 10:30,258
10:30 – 11:00,216
11:00 – 11:30,153
11:30 – 12:00,180
12:00 – 12:30,181
12:30 – 13:00,179
13:00 – 13:30,171
13:30 – 14:00,199
6:00 – 6:30,72
6:30 – 7:00,89
7:00 – 7:30,145
7:30 – 8:00,146
8:00 – 8:30,175
8:30 – 9:00,162
9:00 – 9:30,137
9:30 – 10:00,143
10:00 – 10:30,229
10:30 – 11:00,206
11:00 – 11:30,151
11:30 – 12:00,174
12:00 – 12:30,186
12:30 – 13:00,203
13:00 – 13:30,164
13:30 – 14:00,179
6:00 – 6:30,68
6:30 – 7:00,99
7:00 – 7:30,142
7:30 – 8:00,154
8:00 – 8:30,176
8:30 – 9:00,157
9:00 – 9:30,142
9:30 – 10:00,159
10:00 – 10:30,228
10:30 – 11:00,200
11:00 – 11:30,158
11:30 – 12:00,178
12:00 – 12:30,190
12:30 – 13:00,196
13:00 – 13:30,185
13:30 – 14:00,174
6:00 – 6:30,80
6:30 – 7:00,86
7:00 – 7:30,152
7:30 – 8:00,151
8:00 – 8:30,176
8:30 – 9:00,162
9:00 – 9:30,159
9:30 – 10:00,172
10:00 – 10:30,222
10:30 – 11:00,221
11:00 – 11:30,165
11:30 – 12:00,179
12:00 – 12:30,194
12:30 – 13:00,197
13:00 – 13:30,167
13:30 – 14:00,170