6:00 – 6:30,43
6:30 – 7:00,53
7:00 – 7:30,68
7:30 – 8:00,55
8:00 – 8:30,59
8:30 – 9:00,54
9:00 – 9:30,57
9:30 – 10:00,87
10:00 – 10:30,92
10:30 – 11:00,108
11:00 – 11:30,100
11:30 – 12:00,108
12:00 – 12:30,105
12:30 – 13:00,120
13:00 – 13:30,105
13:30 – 14:00,114
6:00 – 6:30,39
6:30 – 7:00,52
7:00 – 7:30,58
7:30 – 8:00,55
8:00 – 8:30,59
8:30 – 9:00,57
9:00 – 9:30,57
9:30 – 10:00,94
10:00 – 10:30,96
10:30 – 11:00,107
11:00 – 11:30,93
11:30 – 12:00,116
12:00 – 12:30,106
12:30 – 13:00,115
13:00 – 13:30,111
13:30 – 14:00,106
6:00 – 6:30,47
6:30 – 7:00,51
7:00 – 7:30,54
7:30 – 8:00,57
8:00 – 8:30,64
8:30 – 9:00,51
9:00 – 9:30,55
9:30 – 10:00,93
10:00 – 10:30,101
10:30 – 11:00,117
11:00 – 11:30,106
11:30 – 12:00,101
12:00 – 12:30,96
12:30 – 13:00,128
13:00 – 13:30,96
13:30 – 14:00,108
6:00 – 6:30,41
6:30 – 7:00,57
7:00 – 7:30,59
7:30 – 8:00,59
8:00 – 8:30,59
8:30 – 9:00,51
9:00 – 9:30,60
9:30 – 10:00,81
10:00 – 10:30,96
10:30 – 11:00,116
11:00 – 11:30,104
11:30 – 12:00,101
12:00 – 12:30,100
12:30 – 13:00,130
13:00 – 13:30,114
13:30 – 14:00,105
6:00 – 6:30,48
6:30 – 7:00,48
7:00 – 7:30,52
7:30 – 8:00,58
8:00 – 8:30,60
8:30 – 9:00,51
9:00 – 9:30,62
9:30 – 10:00,86
10:00 – 10:30,100
10:30 – 11:00,118
11:00 – 11:30,102
11:30 – 12:00,115
12:00 – 12:30,112
12:30 – 13:00,123
13:00 – 13:30,108
13:30 – 14:00,112
6:00 – 6:30,47
6:30 – 7:00,54
7:00 – 7:30,61
7:30 – 8:00,52
8:00 – 8:30,62
8:30 – 9:00,56
9:00 – 9:30,56
9:30 – 10:00,91
10:00 – 10:30,86
10:30 – 11:00,99
11:00 – 11:30,108
11:30 – 12:00,108
12:00 – 12:30,94
12:30 – 13:00,127
13:00 – 13:30,109
13:30 – 14:00,126
6:00 – 6:30,48
6:30 – 7:00,59
7:00 – 7:30,58
7:30 – 8:00,55
8:00 – 8:30,56
8:30 – 9:00,56
9:00 – 9:30,63
9:30 – 10:00,80
10:00 – 10:30,93
10:30 – 11:00,108
11:00 – 11:30,109
11:30 – 12:00,105
12:00 – 12:30,97
12:30 – 13:00,122
13:00 – 13:30,112
13:30 – 14:00,102
6:00 – 6:30,39
6:30 – 7:00,56
7:00 – 7:30,51
7:30 – 8:00,60
8:00 – 8:30,57
8:30 – 9:00,56
9:00 – 9:30,58
9:30 – 10:00,89
10:00 – 10:30,98
10:30 – 11:00,108
11:00 – 11:30,92
11:30 – 12:00,115
12:00 – 12:30,100
12:30 – 13:00,127
13:00 – 13:30,111
13:30 – 14:00,106
6:00 – 6:30,46
6:30 – 7:00,53
7:00 – 7:30,58
7:30 – 8:00,61
8:00 – 8:30,54
8:30 – 9:00,55
9:00 – 9:30,52
9:30 – 10:00,91
10:00 – 10:30,84
10:30 – 11:00,98
11:00 – 11:30,91
11:30 – 12:00,102
12:00 – 12:30,108
12:30 – 13:00,129
13:00 – 13:30,99
13:30 – 14:00,121
6:00 – 6:30,44
6:30 – 7:00,53
7:00 – 7:30,58
7:30 – 8:00,61
8:00 – 8:30,55
8:30 – 9:00,51
9:00 – 9:30,58
9:30 – 10:00,96
10:00 – 10:30,98
10:30 – 11:00,112
11:00 – 11:30,105
11:30 – 12:00,98
12:00 – 12:30,104
12:30 – 13:00,121
13:00 – 13:30,99
13:30 – 14:00,106
6:00 – 6:30,38
6:30 – 7:00,59
7:00 – 7:30,50
7:30 – 8:00,50
8:00 – 8:30,59
8:30 – 9:00,52
9:00 – 9:30,61
9:30 – 10:00,90
10:00 – 10:30,90
10:30 – 11:00,117
11:00 – 11:30,108
11:30 – 12:00,97
12:00 – 12:30,111
12:30 – 13:00,111
13:00 – 13:30,112
13:30 – 14:00,110
6:00 – 6:30,45
6:30 – 7:00,53
7:00 – 7:30,52
7:30 – 8:00,59
8:00 – 8:30,63
8:30 – 9:00,58
9:00 – 9:30,61
9:30 – 10:00,89
10:00 – 10:30,92
10:30 – 11:00,109
11:00 – 11:30,103
11:30 – 12:00,119
12:00 – 12:30,95
12:30 – 13:00,130
13:00 – 13:30,97
13:30 – 14:00,104
6:00 – 6:30,47
6:30 – 7:00,51
7:00 – 7:30,51
7:30 – 8:00,53
8:00 – 8:30,61
8:30 – 9:00,48
9:00 – 9:30,51
9:30 – 10:00,79
10:00 – 10:30,101
10:30 – 11:00,117
11:00 – 11:30,91
11:30 – 12:00,113
12:00 – 12:30,94
12:30 – 13:00,130
13:00 – 13:30,95
13:30 – 14:00,118
6:00 – 6:30,42
6:30 – 7:00,51
7:00 – 7:30,54
7:30 – 8:00,51
8:00 – 8:30,55
8:30 – 9:00,51
9:00 – 9:30,61
9:30 – 10:00,90
10:00 – 10:30,98
10:30 – 11:00,108
11:00 – 11:30,103
11:30 – 12:00,116
12:00 – 12:30,103
12:30 – 13:00,127
13:00 – 13:30,115
13:30 – 14:00,108
6:00 – 6:30,39
6:30 – 7:00,48
7:00 – 7:30,57
7:30 – 8:00,59
8:00 – 8:30,55
8:30 – 9:00,56
9:00 – 9:30,62
9:30 – 10:00,80
10:00 – 10:30,92
10:30 – 11:00,119
11:00 – 11:30,107
11:30 – 12:00,108
12:00 – 12:30,114
12:30 – 13:00,129
13:00 – 13:30,97
13:30 – 14:00,109
6:00 – 6:30,40
6:30 – 7:00,54
7:00 – 7:30,55
7:30 – 8:00,53
8:00 – 8:30,63
8:30 – 9:00,52
9:00 – 9:30,51
9:30 – 10:00,89
10:00 – 10:30,99
10:30 – 11:00,113
11:00 – 11:30,99
11:30 – 12:00,102
12:00 – 12:30,105
12:30 – 13:00,118
13:00 – 13:30,104
13:30 – 14:00,118
6:00 – 6:30,44
6:30 – 7:00,48
7:00 – 7:30,55
7:30 – 8:00,58
8:00 – 8:30,62
8:30 – 9:00,52
9:00 – 9:30,62
9:30 – 10:00,81
10:00 – 10:30,89
10:30 – 11:00,113
11:00 – 11:30,104
11:30 – 12:00,102
12:00 – 12:30,107
12:30 – 13:00,128
13:00 – 13:30,106
13:30 – 14:00,121
6:00 – 6:30,42
6:30 – 7:00,48
7:00 – 7:30,50
7:30 – 8:00,52
8:00 – 8:30,58
8:30 – 9:00,50
9:00 – 9:30,62
9:30 – 10:00,82
10:00 – 10:30,101
10:30 – 11:00,105
11:00 – 11:30,100
11:30 – 12:00,106
12:00 – 12:30,111
12:30 – 13:00,132
13:00 – 13:30,95
13:30 – 14:00,109
6:00 – 6:30,38
6:30 – 7:00,54
7:00 – 7:30,48
7:30 – 8:00,58
8:00 – 8:30,65
8:30 – 9:00,60
9:00 – 9:30,63
9:30 – 10:00,83
10:00 – 10:30,95
10:30 – 11:00,111
11:00 – 11:30,101
11:30 – 12:00,102
12:00 – 12:30,105
12:30 – 13:00,110
13:00 – 13:30,94
13:30 – 14:00,124
6:00 – 6:30,39
6:30 – 7:00,49
7:00 – 7:30,50
7:30 – 8:00,56
8:00 – 8:30,58
8:30 – 9:00,48
9:00 – 9:30,62
9:30 – 10:00,84
10:00 – 10:30,91
10:30 – 11:00,104
11:00 – 11:30,105
11:30 – 12:00,101
12:00 – 12:30,101
12:30 – 13:00,128
13:00 – 13:30,105
13:30 – 14:00,111
6:00 – 6:30,42
6:30 – 7:00,54
7:00 – 7:30,49
7:30 – 8:00,53
8:00 – 8:30,59
8:30 – 9:00,49
9:00 – 9:30,59
9:30 – 10:00,80
10:00 – 10:30,97
10:30 – 11:00,100
11:00 – 11:30,97
11:30 – 12:00,102
12:00 – 12:30,99
12:30 – 13:00,117
13:00 – 13:30,97
13:30 – 14:00,112
6:00 – 6:30,44
6:30 – 7:00,51
7:00 – 7:30,62
7:30 – 8:00,61
8:00 – 8:30,58
8:30 – 9:00,58
9:00 – 9:30,54
9:30 – 10:00,93
10:00 – 10:30,85
10:30 – 11:00,97
11:00 – 11:30,90
11:30 – 12:00,108
12:00 – 12:30,113
12:30 – 13:00,121
13:00 – 13:30,113
13:30 – 14:00,108
6:00 – 6:30,39
6:30 – 7:00,59
7:00 – 7:30,56
7:30 – 8:00,57
8:00 – 8:30,53
8:30 – 9:00,50
9:00 – 9:30,61
9:30 – 10:00,93
10:00 – 10:30,89
10:30 – 11:00,100
11:00 – 11:30,90
11:30 – 12:00,111
12:00 – 12:30,106
12:30 – 13:00,112
13:00 – 13:30,94
13:30 – 14:00,104
6:00 – 6:30,43
6:30 – 7:00,47
7:00 – 7:30,48
7:30 – 8:00,60
8:00 – 8:30,64
8:30 – 9:00,52
9:00 – 9:30,59
9:30 – 10:00,78
10:00 – 10:30,88
10:30 – 11:00,113
11:00 – 11:30,100
11:30 – 12:00,101
12:00 – 12:30,100
12:30 – 13:00,117
13:00 – 13:30,103
13:30 – 14:00,111
6:00 – 6:30,41
6:30 – 7:00,47
7:00 – 7:30,48
7:30 – 8:00,54
8:00 – 8:30,55
8:30 – 9:00,58
9:00 – 9:30,54
9:30 – 10:00,89
10:00 – 10:30,82
10:30 – 11:00,103
11:00 – 11:30,94
11:30 – 12:00,109
12:00 – 12:30,103
12:30 – 13:00,113
13:00 – 13:30,108
13:30 – 14:00,124
6:00 – 6:30,40
6:30 – 7:00,55
7:00 – 7:30,59
7:30 – 8:00,50
8:00 – 8:30,65
8:30 – 9:00,54
9:00 – 9:30,52
9:30 – 10:00,84
10:00 – 10:30,85
10:30 – 11:00,111
11:00 – 11:30,100
11:30 – 12:00,107
12:00 – 12:30,94
12:30 – 13:00,131
13:00 – 13:30,113
13:30 – 14:00,111
6:00 – 6:30,48
6:30 – 7:00,58
7:00 – 7:30,60
7:30 – 8:00,50
8:00 – 8:30,62
8:30 – 9:00,48
9:00 – 9:30,60
9:30 – 10:00,91
10:00 – 10:30,88
10:30 – 11:00,118
11:00 – 11:30,95
11:30 – 12:00,114
12:00 – 12:30,98
12:30 – 13:00,131
13:00 – 13:30,109
13:30 – 14:00,112
6:00 – 6:30,44
6:30 – 7:00,52
7:00 – 7:30,55
7:30 – 8:00,56
8:00 – 8:30,64
8:30 – 9:00,56
9:00 – 9:30,63
9:30 – 10:00,79
10:00 – 10:30,87
10:30 – 11:00,106
11:00 – 11:30,101
11:30 – 12:00,103
12:00 – 12:30,102
12:30 – 13:00,117
13:00 – 13:30,109
13:30 – 14:00,109
6:00 – 6:30,41
6:30 – 7:00,52
7:00 – 7:30,54
7:30 – 8:00,49
8:00 – 8:30,59
8:30 – 9:00,50
9:00 – 9:30,60
9:30 – 10:00,93
10:00 – 10:30,84
10:30 – 11:00,97
11:00 – 11:30,101
11:30 – 12:00,103
12:00 – 12:30,115
12:30 – 13:00,113
13:00 – 13:30,110
13:30 – 14:00,115
6:00 – 6:30,45
6:30 – 7:00,50
7:00 – 7:30,50
7:30 – 8:00,56
8:00 – 8:30,64
8:30 – 9:00,49
9:00 – 9:30,59
9:30 – 10:00,80
10:00 – 10:30,92
10:30 – 11:00,101
11:00 – 11:30,98
11:30 – 12:00,117
12:00 – 12:30,107
12:30 – 13:00,109
13:00 – 13:30,97
13:30 – 14:00,123
6:00 – 6:30,43
6:30 – 7:00,54
7:00 – 7:30,61
7:30 – 8:00,49
8:00 – 8:30,62
8:30 – 9:00,55
9:00 – 9:30,61
9:30 – 10:00,94
10:00 – 10:30,94
10:30 – 11:00,105
11:00 – 11:30,93
11:30 – 12:00,109
12:00 – 12:30,107
12:30 – 13:00,129
13:00 – 13:30,95
13:30 – 14:00,107
6:00 – 6:30,39
6:30 – 7:00,49
7:00 – 7:30,59
7:30 – 8:00,61
8:00 – 8:30,57
8:30 – 9:00,53
9:00 – 9:30,52
9:30 – 10:00,93
10:00 – 10:30,94
10:30 – 11:00,109
11:00 – 11:30,104
11:30 – 12:00,101
12:00 – 12:30,107
12:30 – 13:00,129
13:00 – 13:30,95
13:30 – 14:00,105
6:00 – 6:30,42
6:30 – 7:00,59
7:00 – 7:30,50
7:30 – 8:00,51
8:00 – 8:30,60
8:30 – 9:00,60
9:00 – 9:30,51
9:30 – 10:00,81
10:00 – 10:30,89
10:30 – 11:00,101
11:00 – 11:30,104
11:30 – 12:00,118
12:00 – 12:30,95
12:30 – 13:00,127
13:00 – 13:30,97
13:30 – 14:00,106
6:00 – 6:30,38
6:30 – 7:00,59
7:00 – 7:30,50
7:30 – 8:00,53
8:00 – 8:30,57
8:30 – 9:00,51
9:00 – 9:30,52
9:30 – 10:00,96
10:00 – 10:30,99
10:30 – 11:00,116
11:00 – 11:30,94
11:30 – 12:00,106
12:00 – 12:30,109
12:30 – 13:00,114
13:00 – 13:30,106
13:30 – 14:00,104
6:00 – 6:30,40
6:30 – 7:00,55
7:00 – 7:30,52
7:30 – 8:00,59
8:00 – 8:30,61
8:30 – 9:00,52
9:00 – 9:30,63
9:30 – 10:00,96
10:00 – 10:30,93
10:30 – 11:00,111
11:00 – 11:30,109
11:30 – 12:00,111
12:00 – 12:30,103
12:30 – 13:00,110
13:00 – 13:30,112
13:30 – 14:00,112
6:00 – 6:30,38
6:30 – 7:00,59
7:00 – 7:30,58
7:30 – 8:00,54
8:00 – 8:30,56
8:30 – 9:00,59
9:00 – 9:30,56
9:30 – 10:00,79
10:00 – 10:30,96
10:30 – 11:00,110
11:00 – 11:30,100
11:30 – 12:00,105
12:00 – 12:30,113
12:30 – 13:00,108
13:00 – 13:30,105
13:30 – 14:00,104
6:00 – 6:30,45
6:30 – 7:00,56
7:00 – 7:30,60
7:30 – 8:00,53
8:00 – 8:30,54
8:30 – 9:00,58
9:00 – 9:30,55
9:30 – 10:00,89
10:00 – 10:30,91
10:30 – 11:00,103
11:00 – 11:30,95
11:30 – 12:00,116
12:00 – 12:30,102
12:30 – 13:00,109
13:00 – 13:30,99
13:30 – 14:00,112
6:00 – 6:30,38
6:30 – 7:00,59
7:00 – 7:30,60
7:30 – 8:00,52
8:00 – 8:30,63
8:30 – 9:00,50
9:00 – 9:30,55
9:30 – 10:00,87
10:00 – 10:30,98
10:30 – 11:00,115
11:00 – 11:30,108
11:30 – 12:00,111
12:00 – 12:30,112
12:30 – 13:00,117
13:00 – 13:30,110
13:30 – 14:00,115
6:00 – 6:30,39
6:30 – 7:00,54
7:00 – 7:30,61
7:30 – 8:00,52
8:00 – 8:30,58
8:30 – 9:00,50
9:00 – 9:30,62
9:30 – 10:00,93
10:00 – 10:30,92
10:30 – 11:00,99
11:00 – 11:30,103
11:30 – 12:00,116
12:00 – 12:30,97
12:30 – 13:00,130
13:00 – 13:30,100
13:30 – 14:00,106
6:00 – 6:30,47
6:30 – 7:00,48
7:00 – 7:30,54
7:30 – 8:00,57
8:00 – 8:30,56
8:30 – 9:00,57
9:00 – 9:30,53
9:30 – 10:00,79
10:00 – 10:30,93
10:30 – 11:00,99
11:00 – 11:30,105
11:30 – 12:00,106
12:00 – 12:30,104
12:30 – 13:00,119
13:00 – 13:30,115
13:30 – 14:00,116
6:00 – 6:30,38
6:30 – 7:00,57
7:00 – 7:30,60
7:30 – 8:00,54
8:00 – 8:30,65
8:30 – 9:00,57
9:00 – 9:30,54
9:30 – 10:00,87
10:00 – 10:30,98
10:30 – 11:00,117
11:00 – 11:30,97
11:30 – 12:00,118
12:00 – 12:30,112
12:30 – 13:00,123
13:00 – 13:30,96
13:30 – 14:00,118
6:00 – 6:30,45
6:30 – 7:00,54
7:00 – 7:30,53
7:30 – 8:00,61
8:00 – 8:30,57
8:30 – 9:00,55
9:00 – 9:30,51
9:30 – 10:00,94
10:00 – 10:30,95
10:30 – 11:00,114
11:00 – 11:30,95
11:30 – 12:00,99
12:00 – 12:30,99
12:30 – 13:00,112
13:00 – 13:30,110
13:30 – 14:00,108
6:00 – 6:30,48
6:30 – 7:00,53
7:00 – 7:30,58
7:30 – 8:00,61
8:00 – 8:30,55
8:30 – 9:00,60
9:00 – 9:30,56
9:30 – 10:00,78
10:00 – 10:30,99
10:30 – 11:00,115
11:00 – 11:30,110
11:30 – 12:00,110
12:00 – 12:30,103
12:30 – 13:00,110
13:00 – 13:30,99
13:30 – 14:00,104
6:00 – 6:30,45
6:30 – 7:00,54
7:00 – 7:30,48
7:30 – 8:00,61
8:00 – 8:30,54
8:30 – 9:00,49
9:00 – 9:30,61
9:30 – 10:00,92
10:00 – 10:30,100
10:30 – 11:00,99
11:00 – 11:30,108
11:30 – 12:00,99
12:00 – 12:30,101
12:30 – 13:00,122
13:00 – 13:30,102
13:30 – 14:00,109
6:00 – 6:30,39
6:30 – 7:00,47
7:00 – 7:30,51
7:30 – 8:00,53
8:00 – 8:30,65
8:30 – 9:00,57
9:00 – 9:30,55
9:30 – 10:00,92
10:00 – 10:30,92
10:30 – 11:00,104
11:00 – 11:30,98
11:30 – 12:00,117
12:00 – 12:30,103
12:30 – 13:00,124
13:00 – 13:30,116
13:30 – 14:00,103
6:00 – 6:30,40
6:30 – 7:00,47
7:00 – 7:30,48
7:30 – 8:00,53
8:00 – 8:30,55
8:30 – 9:00,59
9:00 – 9:30,53
9:30 – 10:00,78
10:00 – 10:30,82
10:30 – 11:00,97
11:00 – 11:30,92
11:30 – 12:00,104
12:00 – 12:30,108
12:30 – 13:00,120
13:00 – 13:30,108
13:30 – 14:00,120
6:00 – 6:30,43
6:30 – 7:00,58
7:00 – 7:30,48
7:30 – 8:00,55
8:00 – 8:30,60
8:30 – 9:00,53
9:00 – 9:30,54
9:30 – 10:00,80
10:00 – 10:30,97
10:30 – 11:00,112
11:00 – 11:30,90
11:30 – 12:00,101
12:00 – 12:30,100
12:30 – 13:00,108
13:00 – 13:30,99
13:30 – 14:00,115
6:00 – 6:30,38
6:30 – 7:00,50
7:00 – 7:30,61
7:30 – 8:00,52
8:00 – 8:30,55
8:30 – 9:00,48
9:00 – 9:30,54
9:30 – 10:00,81
10:00 – 10:30,84
10:30 – 11:00,106
11:00 – 11:30,100
11:30 – 12:00,113
12:00 – 12:30,114
12:30 – 13:00,110
13:00 – 13:30,104
13:30 – 14:00,112
6:00 – 6:30,48
6:30 – 7:00,53
7:00 – 7:30,61
7:30 – 8:00,56
8:00 – 8:30,65
8:30 – 9:00,50
9:00 – 9:30,60
9:30 – 10:00,91
10:00 – 10:30,99
10:30 – 11:00,113
11:00 – 11:30,108
11:30 – 12:00,99
12:00 – 12:30,111
12:30 – 13:00,111
13:00 – 13:30,108
13:30 – 14:00,122
6:00 – 6:30,42
6:30 – 7:00,54
7:00 – 7:30,49
7:30 – 8:00,56
8:00 – 8:30,61
8:30 – 9:00,52
9:00 – 9:30,61
9:30 – 10:00,91
10:00 – 10:30,97
10:30 – 11:00,103
11:00 – 11:30,99
11:30 – 12:00,111
12:00 – 12:30,102
12:30 – 13:00,130
13:00 – 13:30,95
13:30 – 14:00,111
6:00 – 6:30,42
6:30 – 7:00,59
7:00 – 7:30,62
7:30 – 8:00,53
8:00 – 8:30,54
8:30 – 9:00,57
9:00 – 9:30,51
9:30 – 10:00,95
10:00 – 10:30,91
10:30 – 11:00,118
11:00 – 11:30,91
11:30 – 12:00,101
12:00 – 12:30,95
12:30 – 13:00,125
13:00 – 13:30,94
13:30 – 14:00,114
6:00 – 6:30,40
6:30 – 7:00,48
7:00 – 7:30,49
7:30 – 8:00,60
8:00 – 8:30,58
8:30 – 9:00,59
9:00 – 9:30,58
9:30 – 10:00,81
10:00 – 10:30,85
10:30 – 11:00,98
11:00 – 11:30,107
11:30 – 12:00,109
12:00 – 12:30,116
12:30 – 13:00,129
13:00 – 13:30,115
13:30 – 14:00,111
6:00 – 6:30,46
6:30 – 7:00,58
7:00 – 7:30,59
7:30 – 8:00,60
8:00 – 8:30,60
8:30 – 9:00,58
9:00 – 9:30,62
9:30 – 10:00,78
10:00 – 10:30,98
10:30 – 11:00,117
11:00 – 11:30,94
11:30 – 12:00,116
12:00 – 12:30,107
12:30 – 13:00,114
13:00 – 13:30,102
13:30 – 14:00,123
6:00 – 6:30,41
6:30 – 7:00,53
7:00 – 7:30,59
7:30 – 8:00,59
8:00 – 8:30,57
8:30 – 9:00,52
9:00 – 9:30,63
9:30 – 10:00,87
10:00 – 10:30,90
10:30 – 11:00,115
11:00 – 11:30,90
11:30 – 12:00,106
12:00 – 12:30,109
12:30 – 13:00,132
13:00 – 13:30,112
13:30 – 14:00,113
6:00 – 6:30,47
6:30 – 7:00,54
7:00 – 7:30,53
7:30 – 8:00,55
8:00 – 8:30,58
8:30 – 9:00,51
9:00 – 9:30,58
9:30 – 10:00,81
10:00 – 10:30,85
10:30 – 11:00,114
11:00 – 11:30,90
11:30 – 12:00,114
12:00 – 12:30,94
12:30 – 13:00,117
13:00 – 13:30,108
13:30 – 14:00,110
6:00 – 6:30,47
6:30 – 7:00,52
7:00 – 7:30,49
7:30 – 8:00,51
8:00 – 8:30,62
8:30 – 9:00,49
9:00 – 9:30,59
9:30 – 10:00,81
10:00 – 10:30,100
10:30 – 11:00,113
11:00 – 11:30,102
11:30 – 12:00,109
12:00 – 12:30,110
12:30 – 13:00,117
13:00 – 13:30,94
13:30 – 14:00,116
6:00 – 6:30,48
6:30 – 7:00,52
7:00 – 7:30,49
7:30 – 8:00,53
8:00 – 8:30,61
8:30 – 9:00,56
9:00 – 9:30,57
9:30 – 10:00,93
10:00 – 10:30,90
10:30 – 11:00,110
11:00 – 11:30,102
11:30 – 12:00,106
12:00 – 12:30,116
12:30 – 13:00,113
13:00 – 13:30,111
13:30 – 14:00,122
6:00 – 6:30,44
6:30 – 7:00,58
7:00 – 7:30,48
7:30 – 8:00,53
8:00 – 8:30,65
8:30 – 9:00,57
9:00 – 9:30,57
9:30 – 10:00,94
10:00 – 10:30,91
10:30 – 11:00,99
11:00 – 11:30,98
11:30 – 12:00,100
12:00 – 12:30,105
12:30 – 13:00,119
13:00 – 13:30,110
13:30 – 14:00,112
6:00 – 6:30,47
6:30 – 7:00,57
7:00 – 7:30,59
7:30 – 8:00,55
8:00 – 8:30,58
8:30 – 9:00,52
9:00 – 9:30,55
9:30 – 10:00,93
10:00 – 10:30,100
10:30 – 11:00,117
11:00 – 11:30,95
11:30 – 12:00,116
12:00 – 12:30,96
12:30 – 13:00,108
13:00 – 13:30,109
13:30 – 14:00,119
6:00 – 6:30,48
6:30 – 7:00,55
7:00 – 7:30,48
7:30 – 8:00,60
8:00 – 8:30,58
8:30 – 9:00,55
9:00 – 9:30,61
9:30 – 10:00,93
10:00 – 10:30,96
10:30 – 11:00,102
11:00 – 11:30,110
11:30 – 12:00,101
12:00 – 12:30,109
12:30 – 13:00,124
13:00 – 13:30,108
13:30 – 14:00,115
6:00 – 6:30,43
6:30 – 7:00,52
7:00 – 7:30,48
7:30 – 8:00,60
8:00 – 8:30,62
8:30 – 9:00,53
9:00 – 9:30,60
9:30 – 10:00,89
10:00 – 10:30,88
10:30 – 11:00,119
11:00 – 11:30,99
11:30 – 12:00,106
12:00 – 12:30,116
12:30 – 13:00,111
13:00 – 13:30,97
13:30 – 14:00,124
6:00 – 6:30,47
6:30 – 7:00,49
7:00 – 7:30,60
7:30 – 8:00,51
8:00 – 8:30,62
8:30 – 9:00,56
9:00 – 9:30,51
9:30 – 10:00,86
10:00 – 10:30,99
10:30 – 11:00,97
11:00 – 11:30,103
11:30 – 12:00,109
12:00 – 12:30,109
12:30 – 13:00,114
13:00 – 13:30,95
13:30 – 14:00,106
6:00 – 6:30,45
6:30 – 7:00,48
7:00 – 7:30,49
7:30 – 8:00,53
8:00 – 8:30,59
8:30 – 9:00,58
9:00 – 9:30,63
9:30 – 10:00,79
10:00 – 10:30,87
10:30 – 11:00,100
11:00 – 11:30,106
11:30 – 12:00,107
12:00 – 12:30,116
12:30 – 13:00,111
13:00 – 13:30,113
13:30 – 14:00,116
6:00 – 6:30,38
6:30 – 7:00,48
7:00 – 7:30,61
7:30 – 8:00,60
8:00 – 8:30,53
8:30 – 9:00,58
9:00 – 9:30,59
9:30 – 10:00,82
10:00 – 10:30,101
10:30 – 11:00,107
11:00 – 11:30,97
11:30 – 12:00,101
12:00 – 12:30,111
12:30 – 13:00,112
13:00 – 13:30,115
13:30 – 14:00,116
